A1. Qual è\è stato il tuo ruolo principale nel progetto?,A2. Che tipo di istituzione ospita il progetto?,"A3. Indicativamente, quando è stato avviato il progetto?",A4. Da quanto tempo il progetto è accessibile online?,B1. Qual è il principale output del progetto? (seleziona tutte le opzioni applicabili),B2. Come è finanziato principalmente il progetto?,B3. Quante persone compongono il team di progetto?,B4. È presente nel team una figura tecnica dedicata (sviluppatore o Digital Humanist)?,"B5. Il progetto è ospitato su infrastruttura istituzionale (server universitari, cloud istituzionale) o su infrastruttura esterna?",C1. Un piano di sostenibilità a lungo termine è stato parte integrante del progetto fin dalla sua concezione. ,C2. Il team ha discusso di cosa sarebbe accaduto al progetto al termine del finanziamento. ,"C3. È stata prodotta e mantenuta la documentazione tecnica (es. codebase, schema del database, dipendenze software).","C4. Gli output del progetto sono stati progettati tenendo conto dell'accessibilità a lungo termine (es. formati aperti, principi FAIR).",(Se sì) C4a. Quali sono gli strumenti adottati per l'acessibilità a lungo termine?,C5. È presente una figura responsabile della manutenzione a lungo termine del progetto. ,C6. L'ente finanziatore ha esplicitamente richiesto un piano di sostenibilità o di gestione dei dati?,"D1. Durante il ciclo di vita del progetto, ci sono stati dei momenti che hanno minato l'accessibilità del servizio (anche parziale)?",(Se sì) D1a. Descrivi le motivazioni.,D2. Quanto ritieni probabile che il progetto incontri problematiche di mantenimento e accesibilità online?,D3. Quali ritieni possano essere le cause principali della discontinuazione del progetto? (seleziona tutte le opzioni applicabili),D4. Sono presenti segnali premonitori di un'imminente/o futura discontinuità che non sono stati affrontati?,(Se sì) D4a. Quali sono questi segnali? (seleziona tutte le opzioni applicabili)
,,,,,,,,,,,,,,,,,,,,,
Responsabile scientifico (PI) / Coordinatore di progetto,Università / Dipartimento accademico,2016-2020,Più di 10 anni,Database o repository digitale,"Finanziamento europeo (es. Horizon, ERC)",Più di 10 persone,"Sì, a tempo pieno",Misto,5,5,5,5,"Utilizzo di strumenti Open Source, Adesione ai principi FAIR, Metadati con utilizzo di standard autorevoli, Strategie di backup/versioning/migrazione dei dati, Licenze aperte",Sì,No,No,,1,"Obsolescenza tecnologica (software, framework o formati non più supportati)",No,
Sviluppatore / Tecnico,Hosting commerciale,Prima del 2005,Più di 10 anni,Archivio digitale o collezione,"Finanziamento pubblico nazionale (es. PRIN, PNRR, MUR)",2–5 persone,"Sì, part-time o occasionalmente","Hosting esterno (es. hosting commerciale, VPS, cloud provider)",1,3,5,1,,Sì,No,No,,5,"Fine del finanziamento senza un piano di continuazione, Abbandono del progetto da parte del personale chiave (""orphaning""), Obsolescenza tecnologica (software, framework o formati non più supportati)",No,
Assegnista / Ricercatore junior,Università / Dipartimento accademico,2016-2020,6–10 anni,Database o repository digitale,Fondazione privata o filantropia,2–5 persone,No,Misto,1,2,3,1,Utilizzo di strumenti Open Source,No,Non lo so / Non applicabile,No,,3,"Fine del finanziamento senza un piano di continuazione, Mancanza di utenza o rilevanza percepita",Sì,Membri chiave del team in procinto di lasciare il progetto
Segreteria di redazione,Deputazione di Storia patria per il Friuli,Dopo il 2020,Meno di 1 anno,"Edizione digitale o edizione critica, Strumento interattivo o applicazione","Finanziamento pubblico nazionale (es. PRIN, PNRR, MUR)",2–5 persone,"Sì, part-time o occasionalmente","Hosting esterno (es. hosting commerciale, VPS, cloud provider)",5,4,5,5,"Metadati con utilizzo di standard autorevoli, Strategie di backup/versioning/migrazione dei dati",Sì,Non lo so / Non applicabile,No,,2,"Fine del finanziamento senza un piano di continuazione, Ristrutturazione istituzionale o mancanza di supporto da parte dell'istituzione, Decisione deliberata di chiudere il progetto",No,
Responsabile scientifico (PI) / Coordinatore di progetto,Università / Dipartimento accademico,2016-2020,3–5 anni,"Edizione digitale o edizione critica, Database o repository digitale",Fondi istituzionali (budget di ateneo/dipartimento),2–5 persone,"Sì, part-time o occasionalmente",Infrastruttura istituzionale,3,3,3,3,"Standard di interoperabilità (IIIF, TEI XML etc.)",No,No,Non lo so / Non applicabile,,3,"Abbandono del progetto da parte del personale chiave (""orphaning""), Ristrutturazione istituzionale o mancanza di supporto da parte dell'istituzione",No,
Assegnista / Ricercatore junior,Centro di ricerca,2011-2015,Più di 10 anni,Archivio digitale o collezione,Fonti di finanziamento miste,2–5 persone,No,"Hosting esterno (es. hosting commerciale, VPS, cloud provider)",1,1,3,1,Utilizzo di strumenti Open Source,No,No,No,,3,"Abbandono del progetto da parte del personale chiave (""orphaning""), Obsolescenza tecnologica (software, framework o formati non più supportati), Guasto del server o scadenza del contratto di hosting, Ristrutturazione istituzionale o mancanza di supporto da parte dell'istituzione, Decisione deliberata di chiudere il progetto",No,
Responsabile scientifico (PI) / Coordinatore di progetto,Università / Dipartimento accademico,2011-2015,6–10 anni,"Database o repository digitale, Archivio digitale o collezione, Risorsa didattica",Fonti di finanziamento miste,6–10 persone,"Sì, part-time o occasionalmente",Infrastruttura istituzionale,4,5,5,5,"Utilizzo di strumenti Open Source, Adesione ai principi FAIR, Standard di interoperabilità (IIIF, TEI XML etc.), Metadati con utilizzo di standard autorevoli, Strategie di backup/versioning/migrazione dei dati",Sì,No,Sì,ATTACCHI INFORMATICI; RAGGIUNTI LIMITI DI SPAZIO,5,"Ristrutturazione istituzionale o mancanza di supporto da parte dell'istituzione, Vulnerabilità di sicurezza o problemi di conformità normativa (es. GDPR)",Sì,Debito tecnico noto o infrastruttura obsoleta
Responsabile scientifico (PI) / Coordinatore di progetto,Biblioteca / Archivio / Museo,2016-2020,6–10 anni,"Archivio digitale o collezione, Risorsa didattica",progetto presentato alla Presidenza consiglio ministri + bando DGA,2–5 persone,No,"Hosting esterno (es. hosting commerciale, VPS, cloud provider)",2,3,3,1,Metadati con utilizzo di standard autorevoli,No,No,No,,5,"Obsolescenza tecnologica (software, framework o formati non più supportati), Guasto del server o scadenza del contratto di hosting",Sì,"Membri chiave del team in procinto di lasciare il progetto, Debito tecnico noto o infrastruttura obsoleta"
Assegnista / Ricercatore junior,Università / Dipartimento accademico,Dopo il 2020,1–2 anni,Database o repository digitale,Fondi istituzionali (budget di ateneo/dipartimento),2–5 persone,"Sì, part-time o occasionalmente",Infrastruttura istituzionale,5,5,5,5,"Utilizzo di strumenti Open Source, Standard di interoperabilità (IIIF, TEI XML etc.)",Sì,Non lo so / Non applicabile,No,,4,"Abbandono del progetto da parte del personale chiave (""orphaning"")",Sì,Membri chiave del team in procinto di lasciare il progetto
Responsabile del pacchetto di lavoro di sviluppo della piattaforma,Università / Dipartimento accademico,Dopo il 2020,3–5 anni,"Database o repository digitale, Strumento interattivo o applicazione, Archivio digitale o collezione","Finanziamento pubblico nazionale (es. PRIN, PNRR, MUR)",Più di 10 persone,"Sì, part-time o occasionalmente",Infrastruttura istituzionale,4,4,3,4,"Utilizzo di strumenti Open Source, Standard di interoperabilità (IIIF, TEI XML etc.), Metadati con utilizzo di standard autorevoli, Strategie di backup/versioning/migrazione dei dati, Licenze aperte",Sì,No,No,,2,"Obsolescenza tecnologica (software, framework o formati non più supportati), Mancanza di utenza o rilevanza percepita",No,
Responsabile scientifico (PI) / Coordinatore di progetto,Università / Dipartimento accademico,Dopo il 2020,3–5 anni,Database o repository digitale,Fondi istituzionali (budget di ateneo/dipartimento),2–5 persone,"Sì, part-time o occasionalmente","Hosting esterno (es. hosting commerciale, VPS, cloud provider)",2,3,3,3,"Utilizzo di strumenti Open Source, Standard di interoperabilità (IIIF, TEI XML etc.), Strategie di backup/versioning/migrazione dei dati",No,No,No,,4,"Fine del finanziamento senza un piano di continuazione, Abbandono del progetto da parte del personale chiave (""orphaning""), Obsolescenza tecnologica (software, framework o formati non più supportati)",No,
Sviluppatore / Tecnico,Github ,Dopo il 2020,3–5 anni,"Database o repository digitale, Strumento interattivo o applicazione, Archivio digitale o collezione","Finanziamento pubblico nazionale (es. PRIN, PNRR, MUR)",2–5 persone,"Sì, a tempo pieno","Hosting esterno (es. hosting commerciale, VPS, cloud provider)",2,4,4,3,"Utilizzo di strumenti Open Source, Adesione ai principi FAIR, Strategie di backup/versioning/migrazione dei dati, ",No,No,Sì,Alcune probelmatiche legate ai plug-in e alle implementazioni al sito che derivano da un treo ente,4,"Fine del finanziamento senza un piano di continuazione, Abbandono del progetto da parte del personale chiave (""orphaning""), Obsolescenza tecnologica (software, framework o formati non più supportati), Guasto del server o scadenza del contratto di hosting, Mancanza di utenza o rilevanza percepita",Non lo so,
Sviluppatore / Tecnico,Università / Dipartimento accademico,2011-2015,Più di 10 anni,Edizione digitale o edizione critica,Non finanziato / Lavoro volontario,2–5 persone,"Sì, a tempo pieno",Infrastruttura istituzionale,5,3,5,4,"Utilizzo di strumenti Open Source, Standard di interoperabilità (IIIF, TEI XML etc.), Metadati con utilizzo di standard autorevoli, Licenze aperte",Sì,Non lo so / Non applicabile,No,,3,"Abbandono del progetto da parte del personale chiave (""orphaning""), Obsolescenza tecnologica (software, framework o formati non più supportati)",No,
Responsabile scientifico (PI) / Coordinatore di progetto,Centro di ricerca,2016-2020,3–5 anni,Edizione digitale o edizione critica,"Finanziamento pubblico nazionale (es. PRIN, PNRR, MUR)",6–10 persone,"Sì, part-time o occasionalmente",Infrastruttura istituzionale,4,4,5,5,"Utilizzo di strumenti Open Source, Adesione ai principi FAIR, Standard di interoperabilità (IIIF, TEI XML etc.), Strategie di backup/versioning/migrazione dei dati, Licenze aperte",Sì,No,Sì,L'iniziale indisponibilità di un server del'Ente istituzionale pubblico. La difficoltà a mantenere in servizio al CNR personale precario adeguatamente formato,5,"Fine del finanziamento senza un piano di continuazione, Abbandono del progetto da parte del personale chiave (""orphaning""), Obsolescenza tecnologica (software, framework o formati non più supportati), Ristrutturazione istituzionale o mancanza di supporto da parte dell'istituzione",No,Membri chiave del team in procinto di lasciare il progetto
