A1. Qual era il tuo ruolo principale nel progetto?,A2. Che tipo di istituzione ospitava il progetto?,"A3. Indicativamente, quando è stato avviato il progetto?",A4. Per quanto tempo circa il progetto è stato attivo online?,B1. Qual era il principale output del progetto? (seleziona tutte le opzioni applicabili),B2. Come era finanziato principalmente il progetto?,B3. Quante persone componevano il team di progetto?,B4. Era presente nel team una figura tecnica dedicata (sviluppatore o Digital Humanist)?,"B5. Il progetto era ospitato su infrastruttura istituzionale (server universitari, cloud istituzionale) o su infrastruttura esterna?",C1. Un piano di sostenibilità a lungo termine era parte integrante del progetto fin dalla sua concezione. ,C2. Il team ha discusso di cosa sarebbe accaduto al progetto al termine del finanziamento. ,"C3. È stata prodotta e mantenuta la documentazione tecnica (es. codebase, schema del database, dipendenze software).","C4. Gli output del progetto sono stati progettati tenendo conto dell'accessibilità a lungo termine (es. formati aperti, principi FAIR).",C5. Era presente una figura responsabile della manutenzione a lungo termine del progetto. ,C6. L'ente finanziatore ha esplicitamente richiesto un piano di sostenibilità o di gestione dei dati?,D1. Quali ritieni siano state le cause principali della discontinuazione del progetto? (seleziona tutte le opzioni applicabili),D2. Quanto ha inciso ciascuno dei seguenti fattori di rischio nella discontinuazione del tuo progetto? [Finanziamento insufficiente o temporaneo],D2. Quanto ha inciso ciascuno dei seguenti fattori di rischio nella discontinuazione del tuo progetto? [Perdita di personale chiave],"D2. Quanto ha inciso ciascuno dei seguenti fattori di rischio nella discontinuazione del tuo progetto? [Obsolescenza tecnologica (""bit rot"")]",D2. Quanto ha inciso ciascuno dei seguenti fattori di rischio nella discontinuazione del tuo progetto? [Assenza di pianificazione della sostenibilità],D2. Quanto ha inciso ciascuno dei seguenti fattori di rischio nella discontinuazione del tuo progetto? [Mancanza di supporto istituzionale],D2. Quanto ha inciso ciascuno dei seguenti fattori di rischio nella discontinuazione del tuo progetto? [Guasto del server o del servizio di hosting],"D2. Quanto ha inciso ciascuno dei seguenti fattori di rischio nella discontinuazione del tuo progetto? [Dipendenza da tecnologie deprecate (es. Flash, CMS non più manutenuto)]",D2. Quanto ha inciso ciascuno dei seguenti fattori di rischio nella discontinuazione del tuo progetto? [Documentazione tecnica insufficiente],D2. Quanto ha inciso ciascuno dei seguenti fattori di rischio nella discontinuazione del tuo progetto? [Assenza di una figura responsabile della manutenzione],D2. Quanto ha inciso ciascuno dei seguenti fattori di rischio nella discontinuazione del tuo progetto? [Scarsa interoperabilità con altri sistemi],D2. Quanto ha inciso ciascuno dei seguenti fattori di rischio nella discontinuazione del tuo progetto? [Problemi legali o di conformità normativa],D2. Quanto ha inciso ciascuno dei seguenti fattori di rischio nella discontinuazione del tuo progetto? [Mancato rinnovo del dominio o dell'hosting],D2. Quanto ha inciso ciascuno dei seguenti fattori di rischio nella discontinuazione del tuo progetto? [Dispute sui diritti o sulla proprietà del progetto],D3. La discontinuazione del progetto è avvenuta:,D4. Erano presenti segnali premonitori di un'imminente discontinuità che non sono stati affrontati?,(Se sì) D4a. Quali erano questi segnali? (seleziona tutte le opzioni applicabili),Colonna 33
Responsabile scientifico (PI) / Coordinatore di progetto,Università / Dipartimento accademico,2011-2015,6–10 anni,"Edizione digitale o edizione critica, Database o repository digitale, Archivio digitale o collezione",Schweizer Nationalfond,2–5 persone,"Sì, part-time o occasionalmente",Infrastruttura istituzionale,4,3,3,3,No,No,"Fine del finanziamento senza un piano di continuazione, Ristrutturazione istituzionale o mancanza di supporto da parte dell'istituzione",3,2,2,3,3,1,2,1,2,1,2,2,3,Come conclusione pianificata,No,"Finanziamento prossimo alla scadenza senza prospettive di rinnovo, Membri chiave del team in procinto di lasciare il progetto",
Sviluppatore / Tecnico,Università / Dipartimento accademico,2016-2020,Non lo so,"Edizione digitale o edizione critica, Database o repository digitale, Archivio digitale o collezione",Fonti di finanziamento miste,2–5 persone,"Sì, part-time o occasionalmente",Infrastruttura istituzionale,1,2,2,2,No,No,"Fine del finanziamento senza un piano di continuazione, Ristrutturazione istituzionale o mancanza di supporto da parte dell'istituzione",3,1,1,5,4,1,2,3,5,2,1,1,1,Non lo so,No,,
Responsabile scientifico (PI) / Coordinatore di progetto,Università / Dipartimento accademico,Prima del 2005,3–5 anni,"Edizione digitale o edizione critica, Database o repository digitale, Archivio digitale o collezione","Finanziamento pubblico nazionale (es. PRIN, PNRR, MUR)",2–5 persone,"Sì, part-time o occasionalmente",Infrastruttura istituzionale,1,1,1,1,No,No,"Fine del finanziamento senza un piano di continuazione, Abbandono del progetto da parte del personale chiave (""orphaning"")",3,5,N/A,2,2,1,1,1,3,1,1,1,4,"Gradualmente (es. lento deterioramento, manutenzione irregolare, progressiva inaccessibilità)",No,Membri chiave del team in procinto di lasciare il progetto,
Responsabile scientifico (PI) / Coordinatore di progetto,Azienda privata,2011-2015,Più di 10 anni,"Edizione digitale o edizione critica, Strumento interattivo o applicazione, Risorsa didattica",Fonti di finanziamento miste,6–10 persone,"Sì, a tempo pieno","Hosting esterno (es. hosting commerciale, VPS, cloud provider)",3,4,2,2,No,No,"Fine del finanziamento senza un piano di continuazione, Abbandono del progetto da parte del personale chiave (""orphaning""), Decisione deliberata di chiudere il progetto",4,4,2,3,3,1,1,2,1,4,1,1,4,"Gradualmente (es. lento deterioramento, manutenzione irregolare, progressiva inaccessibilità)",No,Finanziamento prossimo alla scadenza senza prospettive di rinnovo,
Responsabile scientifico (PI) / Coordinatore di progetto,Università / Dipartimento accademico,2011-2015,Più di 10 anni,"Archivio digitale o collezione, progetto di Public History con diverse funzionalità",Consorzio di comuni,6–10 persone,"Sì, part-time o occasionalmente",Infrastruttura istituzionale,4,4,2,2,Sì,No,"Ristrutturazione istituzionale o mancanza di supporto da parte dell'istituzione, attacco hacker e mancanza di supporto da parte dell'istituzione",4,5,1,4,5,5,1,4,1,1,1,1,1,"Improvvisamente (es. guasto del server, taglio dei fondi senza preavviso)",Non lo so,Membri chiave del team in procinto di lasciare il progetto,
coordinatore unità locale,Università / Dipartimento accademico,2016-2020,Mai stato pubblicato,Database o repository digitale,"Finanziamento pubblico nazionale (es. PRIN, PNRR, MUR)",2–5 persone,"Sì, part-time o occasionalmente",Infrastruttura istituzionale,4,4,3,3,Sì,No,Bisogna chiedere al PI,3,2,2,4,2,4,2,2,4,3,2,2,2,Non lo so,No,,
Sviluppatore / Tecnico,Centro di ricerca,2005-2010,6–10 anni,Archivio digitale o collezione,"Finanziamento europeo (es. Horizon, ERC)",Più di 10 persone,"Sì, a tempo pieno",Infrastruttura istituzionale,3,3,3,4,No,No,"Fine del finanziamento senza un piano di continuazione, Obsolescenza tecnologica (software, framework o formati non più supportati), Guasto del server o scadenza del contratto di hosting",4,N/A,N/A,4,4,N/A,3,N/A,N/A,N/A,N/A,4,N/A,"Gradualmente (es. lento deterioramento, manutenzione irregolare, progressiva inaccessibilità)",No,,
Assegnista / Ricercatore junior,Università / Dipartimento accademico,2016-2020,3–5 anni,"Edizione digitale o edizione critica, Database o repository digitale, Archivio digitale o collezione","Finanziamento pubblico nazionale (es. PRIN, PNRR, MUR)",2–5 persone,No,Infrastruttura istituzionale,1,1,1,2,No,No,"Fine del finanziamento senza un piano di continuazione, Ristrutturazione istituzionale o mancanza di supporto da parte dell'istituzione",5,1,4,5,4,4,2,2,1,2,1,1,1,"Improvvisamente (es. guasto del server, taglio dei fondi senza preavviso)",No,Debito tecnico noto o infrastruttura obsoleta,
Responsabile scientifico (PI) / Coordinatore di progetto,Centro di ricerca,2011-2015,6–10 anni,Strumento interattivo o applicazione,Fondi istituzionali (budget di ateneo/dipartimento),2–5 persone,"Sì, part-time o occasionalmente",Infrastruttura istituzionale,1,3,2,2,No,No,"Fine del finanziamento senza un piano di continuazione, Abbandono del progetto da parte del personale chiave (""orphaning""), Obsolescenza tecnologica (software, framework o formati non più supportati)",5,5,4,4,4,2,2,2,5,2,2,2,2,"Gradualmente (es. lento deterioramento, manutenzione irregolare, progressiva inaccessibilità)",No,,
Responsabile scientifico (PI) / Coordinatore di progetto,Università / Dipartimento accademico,Dopo il 2020,1–2 anni,Database o repository digitale,Finanziamento di Regione Toscana dentro un accordo di valorizzazione con SABTOS,6–10 persone,"Sì, part-time o occasionalmente",Infrastruttura istituzionale,5,4,4,4,Sì,No,"Fine del finanziamento senza un piano di continuazione, Il progetto è stato comunque ripristinato dentro il PRIN2022 ROADS e dentro H2IOSC (CNR)",5,3,2,2,5,1,1,2,4,1,3,1,2,Come conclusione pianificata,No,,
Responsabile scientifico (PI) / Coordinatore di progetto,Università / Dipartimento accademico,Prima del 2005,Più di 10 anni,Strumento interattivo o applicazione,"Finanziamento europeo (es. Horizon, ERC)",2–5 persone,"Sì, a tempo pieno","Hosting esterno (es. hosting commerciale, VPS, cloud provider)",2,4,5,4,No,Sì,Ristrutturazione istituzionale o mancanza di supporto da parte dell'istituzione,2,2,2,4,5,1,2,1,3,1,4,5,5,"Improvvisamente (es. guasto del server, taglio dei fondi senza preavviso)",Sì,Istituzione coinvolta non interessata a mantenere il progetto,
Responsabile scientifico (PI) / Coordinatore di progetto,Università / Dipartimento accademico,2016-2020,6–10 anni,"Database o repository digitale, Strumento interattivo o applicazione","Finanziamento europeo (es. Horizon, ERC)",Più di 10 persone,"Sì, a tempo pieno",Infrastruttura istituzionale,3,4,3,4,Sì,Sì,"Fine del finanziamento senza un piano di continuazione, Obsolescenza tecnologica (software, framework o formati non più supportati), Ristrutturazione istituzionale o mancanza di supporto da parte dell'istituzione, Vulnerabilità di sicurezza o problemi di conformità normativa (es. GDPR)",4,3,3,3,5,2,4,2,3,2,4,1,1,"Improvvisamente (es. guasto del server, taglio dei fondi senza preavviso)",No,,
