institution;title;project_url;functioning_website;website_not_found;non_functioning_website;not_redirected_website;partially_unaccessible_website;new_website_url;url_showcase;url_showcase_working;url_landing_page;url_landing_working;provenance;knot_uri;notes;url_first_seen;url_last_seen;url_status_code;last_url_snapshot;showcase_url_first_seen;showcase_url_last_seen;showcase_url_status_code;showcase_last_url_snapshot
Treccani;VOCABO;;FALSE;TRUE;FALSE;FALSE;FALSE;;https://www.treccani.it/magazine/lingua_italiana/speciali/VocaBO/2_Pani.html;TRUE;;FALSE;Italian DH Institutions;;;NOTPROVIDED;NOTPROVIDED;NOTPROVIDED;;2024-10-20 22:10:06;2024-10-20 22:10:06;200;https://web.archive.org/web/20241020221006/http://www.treccani.it/magazine/lingua_italiana/speciali/VocaBO/2_Pani.html
Università di Catania;Varianti della rosa;;FALSE;TRUE;FALSE;FALSE;FALSE;;https://www.variantidellarosa.it/;TRUE;;FALSE;AIUCD;;;NOTPROVIDED;NOTPROVIDED;NOTPROVIDED;;2021-12-22 15:28:02;2026-02-09 14:12:01;200;https://web.archive.org/web/20260209141201/https://www.variantidellarosa.it/
;university research funding patent;;FALSE;TRUE;FALSE;FALSE;FALSE;;https://dh.fbk.eu/2020/11/university-research-funding-patenting-and-technological-impact/;TRUE;;FALSE;Italian DH Institutions;;;NOTPROVIDED;NOTPROVIDED;NOTPROVIDED;;2020-11-25 05:24:29;2026-01-14 10:58:16;200;https://web.archive.org/web/20260114105816/https://dh.fbk.eu/2020/11/university-research-funding-patenting-and-technological-impact/
;TrebleCLEF: Evaluation, Best Practices and Collaboration for Multilingual Access;https://www.multimatch.org/;FALSE;FALSE;TRUE;FALSE;FALSE;;https://www.trebleclef.eu/;TRUE;;FALSE;IRCDL;;;2006-06-23 00:53:49;2024-11-02 12:28:27;NOSTATUSCODE;https://web.archive.org/web/20241102122827/http://multimatch.org/;2008-03-14 23:03:49;2024-07-10 09:16:36;200;https://web.archive.org/web/20240710091636/https://www.trebleclef.eu/
;TRANSSCRIPT;;FALSE;TRUE;FALSE;FALSE;FALSE;;https://anr.fr/Project-ANR-14-CE31-0022;TRUE;;FALSE;AIUCD;;https protocol not updated;NOTPROVIDED;NOTPROVIDED;NOTPROVIDED;;;;200;
Università di Udine;Toward an Audio Digital Library 2.0: SMASH, a Social Music Archive of SHellac Phonographic Discs;https://avires.dimi.uniud.it/tmp/DL/Experimental_Results.html;FALSE;FALSE;TRUE;FALSE;FALSE;;;FALSE;;FALSE;IRCDL;;https protocol not updated;2024-04-15 09:19:38;2024-04-15 09:19:38;404;https://web.archive.org/web/20240415091938/http://avires.dimi.uniud.it/tmp/DL/Experimental_Results.html;NOTPROVIDED;NOTPROVIDED;NOTPROVIDED;
Università Ca' Foscari Venezia;The Sound of St Mark's;http://vmo.unive.it/choirbooks/;FALSE;FALSE;TRUE;FALSE;FALSE;;;;;;KNOT;http://purl.org/knot/data/sound-stmark-project;;2018-05-02 09:01:48;2024-07-23 23:58:09;NOSTATUSCODE;https://web.archive.org/web/20240723235809/http://vmo.unive.it/choirbooks/;NOTPROVIDED;NOTPROVIDED;NOTPROVIDED;
Università di Parma;The nuncio's secret archives;;TRUE;FALSE;FALSE;FALSE;FALSE;;https://nsa.unipr.it;TRUE;;FALSE;Italian DH Institutions;;;NOTPROVIDED;NOTPROVIDED;NOTPROVIDED;;2022-01-17 01:58:32;2025-12-20 00:41:35;200;https://web.archive.org/web/20251220004135/http://www.nsa.unipr.it/
;The European Project OpenUP: OPENing UP new Methods, Indicators and Tools for Peer Review, Impact Measurement and Dissemination of Research Results;https://www.openuphub.eu/;FALSE;FALSE;TRUE;FALSE;FALSE;;;FALSE;;FALSE;IRCDL;;Adobe Flash Player;2017-06-05 00:00:23;2024-12-03 20:49:24;NOSTATUSCODE;https://web.archive.org/web/20241203204924/https://www.openuphub.eu/;NOTPROVIDED;NOTPROVIDED;NOTPROVIDED;
;The digital lab of “crunched books”: explore and annotate the classics;http://cbook.it/en/;FALSE;FALSE;TRUE;FALSE;FALSE;;;FALSE;;FALSE;DH Awards;;;2015-02-22 12:00:23;2024-01-19 14:03:36;NOSTATUSCODE;https://web.archive.org/web/20240119140336/http://www.cbook.it/en;NOTPROVIDED;NOTPROVIDED;NOTPROVIDED;
;The Challenges of Building Ex Libris Rosetta, a Digital Preservation System;https://exlibrisgroup.com/products/rosetta-digital-asset-management-and-preservation/;FALSE;FALSE;TRUE;TRUE;FALSE;https://knowledge.exlibrisgroup.com/Rosetta;;FALSE;;FALSE;IRCDL;;https protocol not updated;2018-02-03 22:25:00;2026-03-05 12:02:12;403;https://web.archive.org/web/20260305120212/https://www.exlibrisgroup.com/products/rosetta-digital-asset-management-and-preservation/;NOTPROVIDED;NOTPROVIDED;NOTPROVIDED;
Università di Parma;Tebtynis: fragmentary voices from the past;http://www.papirologia.unipr.it/ricerca/CPGM/index.html;FALSE;FALSE;FALSE;TRUE;FALSE;http://www.papirologia.unipr.it/ricerca/tebtynis.html;;FALSE;;FALSE;Italian DH Institutions;;;;;404;;NOTPROVIDED;NOTPROVIDED;NOTPROVIDED;
Università di Bologna;studiolo belfiore;https://studiolobelfiore.unibo.it/;TRUE;FALSE;FALSE;TRUE;FALSE;https://framelab.unibo.it/vt/studiolodibelfiore/Studiolo%20di%20Belfiore.html;;;;;KNOT;http://purl.org/knot/data/belfiore-project;;2024-01-03 14:45:05;2026-01-19 03:09:38;200;https://web.archive.org/web/20260119030938/https://studiolobelfiore.unibo.it/;NOTPROVIDED;NOTPROVIDED;NOTPROVIDED;
"Università degli Studi ""L'Orientale"" di Napoli";?ivadharma database;;FALSE;TRUE;FALSE;FALSE;FALSE;;https://shivadharmaproject.com/the-sivadhama-infrastructure-modeling-a-web-application-for-managing-scholarly-data/;TRUE;;FALSE;Italian DH Institutions;;word search not working;NOTPROVIDED;NOTPROVIDED;NOTPROVIDED;;2025-05-19 12:30:03;2025-05-19 12:30:03;200;https://web.archive.org/web/20250519123003/https://shivadharmaproject.com/the-sivadhama-infrastructure-modeling-a-web-application-for-managing-scholarly-data/
;SACHER: Smart Architecture for Cultural Heritage in Emilia Romagna;http://www.sacherproject.com/;FALSE;FALSE;TRUE;FALSE;FALSE;;;FALSE;;FALSE;IRCDL;;;2018-04-26 17:11:48;2024-04-24 14:26:06;NOSTATUSCODE;https://web.archive.org/web/20240424142606/http://www.sacherproject.com/;NOTPROVIDED;NOTPROVIDED;NOTPROVIDED;
Università degli studi di Padova;ROADS;;FALSE;TRUE;FALSE;FALSE;FALSE;;https://csc.dei.unipd.it/roads-project/index.html;TRUE;;FALSE;Italian DH Institutions;;404 page not found;NOTPROVIDED;NOTPROVIDED;NOTPROVIDED;;2024-11-25 04:00:06;2024-11-25 04:00:06;200;https://web.archive.org/web/20241125040006/https://csc.dei.unipd.it/roads-project/index.html
SISSA, Università di Udine, Università di Trieste;Regional Research Portal FVG: an OpenScience portal;https://research.unityfvg.it/;TRUE;FALSE;TRUE;FALSE;FALSE;;;FALSE;;FALSE;IRCDL;;;2022-01-28 02:16:16;2024-03-29 04:03:44;200;https://web.archive.org/web/20240329040344/https://research.unityfvg.it/;NOTPROVIDED;NOTPROVIDED;NOTPROVIDED;
Università Ca' Foscari Venezia;Ramusio;http://virgo.unive.it/ecf-workflow/books/Ramusio/main/intro.html;FALSE;FALSE;TRUE;FALSE;FALSE;;;;;;KNOT;http://purl.org/knot/data/elec-ramusio-project;;2015-08-29 08:43:51;2023-10-28 17:41:44;NOSTATUSCODE;https://web.archive.org/web/20231028174144/http://virgo.unive.it/ecf-workflow/books/Ramusio/main/intro.html;NOTPROVIDED;NOTPROVIDED;NOTPROVIDED;
Università di Pisa;Progetto TraMonti;http://www.tramontivaldivara.it/;FALSE;FALSE;TRUE;TRUE;FALSE;https://tramonti.labcd.unipi.it/;;FALSE;;FALSE;DH Awards;;https protocol not updated;2013-02-03 03:21:43;2019-01-24 01:51:51;NOSTATUSCODE;https://web.archive.org/web/20190124015151/http://www.tramontivaldivara.it/;NOTPROVIDED;NOTPROVIDED;NOTPROVIDED;
;Predicting the Usability of the Dice CAPTCHA via Artificial Neural Network;https://sites.google.com/site/sites/system/errors/WebspaceNotFound?path=%2Falessiaamelio%2F+software-tools%2Fdice-captcha-dataset.;FALSE;FALSE;FALSE;FALSE;FALSE;;;FALSE;;FALSE;IRCDL;;;;;200;;NOTPROVIDED;NOTPROVIDED;NOTPROVIDED;
;Petrarca itinera;https://petrarchsitinera.github.io/;FALSE;FALSE;TRUE;FALSE;FALSE;;;FALSE;;TRUE;AIUCD;;;;;404;;NOTPROVIDED;NOTPROVIDED;NOTPROVIDED;
;Personalization in Digital Libraries: An Intelligent Service based on Semantic User Profiles;http://193.204.187.223:8080/iswc rebuild/;FALSE;FALSE;FALSE;FALSE;FALSE;;;FALSE;;FALSE;IRCDL;;;NOTPROVIDED;NOTPROVIDED;NOTPROVIDED;;NOTPROVIDED;NOTPROVIDED;NOTPROVIDED;
"Universita? Ca' Foscari Venezia; Università degli studi di Udine.";PedeCerto - metrica latina digitale;https://www.pedecerto.eu/public/;FALSE;FALSE;FALSE;TRUE;FALSE;https://www.pedecerto.eu/;;;;;KNOT;http://purl.org/knot/data/pedecerto-project;;2019-12-15 10:50:38;2025-11-05 06:19:26;412;https://web.archive.org/web/20251105061926/http://www.pedecerto.eu/public/;NOTPROVIDED;NOTPROVIDED;NOTPROVIDED;
;Parthenos Project;;FALSE;TRUE;FALSE;FALSE;FALSE;;http://www.parthenos-project.eu/;TRUE;;FALSE;Italian DH Institutions;;;NOTPROVIDED;NOTPROVIDED;NOTPROVIDED;;2015-03-08 19:46:22;2026-03-19 04:52:35;200;https://web.archive.org/web/20260319045235/http://www.parthenos-project.eu/
;Open Philology Project;http://openphilology.org/;FALSE;FALSE;TRUE;FALSE;FALSE;;;FALSE;;FALSE;AIUCD;;https protocol not updated;2013-07-04 09:44:11;2025-07-10 02:25:15;200;https://web.archive.org/web/20250710022515/http://openphilology.org/;NOTPROVIDED;NOTPROVIDED;NOTPROVIDED;
;NumET;https://nuovomedioevo.it/numet-2/;FALSE;FALSE;TRUE;FALSE;FALSE;;;FALSE;;FALSE;DH Awards;;;;;200;;NOTPROVIDED;NOTPROVIDED;NOTPROVIDED;
;Musisque Deoque: Un archivio digitale di poesia latina;https://www.mqdq.it;TRUE;FALSE;FALSE;FALSE;FALSE;;;FALSE;;FALSE;Italian DH Institutions;;some elements are not charged correctly ;;;NOSTATUSCODE;;NOTPROVIDED;NOTPROVIDED;NOTPROVIDED;
ISTI-CNR;MultiMatch: A New Way to Access Cultural Heritage Information across Media and Language Boundaries;http://multimatch01.isti.cnr.it/;FALSE;FALSE;TRUE;FALSE;FALSE;;http://www.multimatch.eu/;TRUE;;FALSE;IRCDL;;;;;NOSTATUSCODE;;;;NOSTATUSCODE;
Università di Pisa;MaximHum;;FALSE;TRUE;FALSE;FALSE;FALSE;;https://maximhum.fileli.unipi.it/;TRUE;;FALSE;AIUCD;;;NOTPROVIDED;NOTPROVIDED;NOTPROVIDED;;;;NOSTATUSCODE;
Università Ca' Foscari Venezia;Marchio Angeli’s Inventory;http://vmo.unive.it/inventory1720/;FALSE;FALSE;TRUE;FALSE;FALSE;;;;;;KNOT;http://purl.org/knot/data/marchio-angeli-project;;;;NOSTATUSCODE;;NOTPROVIDED;NOTPROVIDED;NOTPROVIDED;
ILC-CNR;Lemlat;;FALSE;FALSE;FALSE;FALSE;FALSE;;http://www.lemlat3.eu/;TRUE;;FALSE;Italian DH Institutions;;log-in required;NOTPROVIDED;NOTPROVIDED;NOTPROVIDED;;;;NOSTATUSCODE;
;Historical Digital Archive and Geo-referenced Contents of the Francigena Librari Web Portal;http://www.francigena.beniculturali.it/web/valit/il-progetto;FALSE;FALSE;FALSE;TRUE;FALSE;https://www.viefrancigene.org/;;FALSE;;FALSE;IRCDL;;impossibility of seeing data and metadata. Impossibility to download;;;NOSTATUSCODE;;NOTPROVIDED;NOTPROVIDED;NOTPROVIDED;
;GRASPOS;;FALSE;TRUE;FALSE;FALSE;FALSE;;https://graspos.eu/;TRUE;;FALSE;Italian DH Institutions;;;NOTPROVIDED;NOTPROVIDED;NOTPROVIDED;;;;NOSTATUSCODE;
Scuola Normale Superiore;Galassia Ariosto;http://galassiaariosto.sns.it/;FALSE;FALSE;TRUE;FALSE;FALSE;;;FALSE;;FALSE;DH Awards;;;;;NOSTATUSCODE;;NOTPROVIDED;NOTPROVIDED;NOTPROVIDED;
;FrancoBuffoni;;FALSE;TRUE;FALSE;FALSE;FALSE;;https://www.francobuffoni.it/;TRUE;;FALSE;AIUCD;;;NOTPROVIDED;NOTPROVIDED;NOTPROVIDED;;;;NOSTATUSCODE;
"Jozef Pilsudski Institute of America; Università di Sassari";Exploring Semantic Archival Collections: The Case of Pi?sudski Institute of America;http://arkivo-ontology.org/;FALSE;FALSE;FALSE;TRUE;FALSE;https://github.com/ArkivoTeam/ARKIVO;;FALSE;;FALSE;IRCDL;;;;;NOSTATUSCODE;;NOTPROVIDED;NOTPROVIDED;NOTPROVIDED;
ISTC-CNR;Epigraphs of Castello Ursino Museum;;FALSE;TRUE;FALSE;FALSE;FALSE;;http://epicum.istc.cnr.it/;TRUE;;FALSE;AIUCD;;Javascript protocol not working;NOTPROVIDED;NOTPROVIDED;NOTPROVIDED;;;;NOSTATUSCODE;
Università di Cagliari;Emodsar;http://corpora.unica.it/TEITOK/emodsar;FALSE;FALSE;TRUE;FALSE;FALSE;;;FALSE;;FALSE;AIUCD;;;;;NOSTATUSCODE;;NOTPROVIDED;NOTPROVIDED;NOTPROVIDED;
;Elisa Chimenti;;FALSE;TRUE;TRUE;FALSE;FALSE;;;FALSE;https://www.elisachimenti.org/accueildef.html;FALSE;AIUCD;;https protocol not updated;NOTPROVIDED;NOTPROVIDED;NOTPROVIDED;;NOTPROVIDED;NOTPROVIDED;NOTPROVIDED;
;EdMuse;https://edmuse.eu/edmuse-platform/;FALSE;FALSE;TRUE;FALSE;FALSE;;http://edmuse.eu/it/index.html;FALSE;;FALSE;Italian DH Institutions;;;;;NOSTATUSCODE;;;;NOSTATUSCODE;
Università Ca' Foscari Venezia;EDF;http://edf.unive.it/;FALSE;FALSE;TRUE;FALSE;FALSE;;;FALSE;;FALSE;Italian DH Institutions;;;;;NOSTATUSCODE;;NOTPROVIDED;NOTPROVIDED;NOTPROVIDED;
"Università degli studi di Roma ""La Sapienza""; Università degli Studi di Roma ""Tor Vergata""; Università degli Studi Roma Tre; Università degli Studi di Cassino e del Lazio Meridionale; Università degli Studi della Tuscia; CNR; ENEA; INFN";Ecodigit;https://ecodigit.dtclazio.it/;FALSE;FALSE;TRUE;FALSE;FALSE;;https://dtclazio.it/progetto-ecodigit;TRUE;;FALSE;AIUCD;;;;;NOSTATUSCODE;;;;NOSTATUSCODE;
"Istituto di Linguistica Computazionale ""A. Zampolli"" (ILC-CNR)";CWALM;;FALSE;TRUE;FALSE;FALSE;FALSE;;https://cwalm.ilc.cnr.it/;TRUE;;FALSE;Italian DH Institutions;;;NOTPROVIDED;NOTPROVIDED;NOTPROVIDED;;;;NOSTATUSCODE;
"Istituto di Linguistica Computazionale ""A. Zampolli"" (ILC-CNR)";Creta Inscriptions;https://ilc4clarin.ilc.cnr.it/cretaninscriptions;TRUE;FALSE;TRUE;FALSE;FALSE;;;FALSE;;FALSE;Italian DH Institutions;;;;;NOSTATUSCODE;;NOTPROVIDED;NOTPROVIDED;NOTPROVIDED;
Università di Bologna;Corago LOD;http://corago.unibo.it/lod;TRUE;FALSE;FALSE;TRUE;FALSE;http://coragolod1.ing.unibo.it:8080/corago/;;;;;KNOT;http://purl.org/knot/data/corago-lod-project;;;;NOSTATUSCODE;;NOTPROVIDED;NOTPROVIDED;NOTPROVIDED;
Università degli studi di Padova;CLEF Ad-hoc: A Perspective on the Evolution of the Cross-Language Evaluation Forum;http://ims.dei.unipd.it/gridclef/;FALSE;FALSE;TRUE;FALSE;FALSE;;;FALSE;;FALSE;IRCDL;;;;;NOSTATUSCODE;;NOTPROVIDED;NOTPROVIDED;NOTPROVIDED;
;Clavius Correspondence;http://claviusontheweb.it/lod;FALSE;FALSE;TRUE;FALSE;FALSE;;;FALSE;;FALSE;AIUCD;;;;;NOSTATUSCODE;;NOTPROVIDED;NOTPROVIDED;NOTPROVIDED;
ISTC-CNR;BelliniInRete;;FALSE;TRUE;FALSE;FALSE;FALSE;;http://bellininrete.istc.cnr.it/;TRUE;;FALSE;AIUCD;;site not reachable;NOTPROVIDED;NOTPROVIDED;NOTPROVIDED;;;;NOSTATUSCODE;
"CNR; Università di Bologna";Atlas;https://dh-atlas.github.io/deliverables.html;FALSE;TRUE;FALSE;FALSE;FALSE;;;FALSE;;FALSE;Italian DH Institutions;;;;;NOSTATUSCODE;;NOTPROVIDED;NOTPROVIDED;NOTPROVIDED;
"Università di Siena; ILC-CNR";Archivio ViVo;;FALSE;TRUE;FALSE;FALSE;FALSE;;https://www.clarin-it.it/it/content/archivio-vivo;TRUE;;FALSE;Italian DH Institutions;;page not found;NOTPROVIDED;NOTPROVIDED;NOTPROVIDED;;;;NOSTATUSCODE;
"Università degli studi di Roma ""La Sapienza""";Archivio storico fotografico Adolfo Venturi;https://digilab.uniroma1.it/risorse/archivio-storico-fotografico;FALSE;FALSE;TRUE;FALSE;FALSE;;;FALSE;;FALSE;Italian DH Institutions;;;;;NOSTATUSCODE;;NOTPROVIDED;NOTPROVIDED;NOTPROVIDED;
;Archilochus;;FALSE;TRUE;FALSE;FALSE;FALSE;;https://www.clarin.eu/content/archilochus-paros-elegiac-fragments-xml-archive;TRUE;;FALSE;Italian DH Institutions;;;NOTPROVIDED;NOTPROVIDED;NOTPROVIDED;;;;NOSTATUSCODE;
;Archaide;http://www.archaide.eu/;TRUE;FALSE;FALSE;FALSE;FALSE;;;;;;KNOT;http://purl.org/knot/data/archaide-project;log-in required;;;NOSTATUSCODE;;NOTPROVIDED;NOTPROVIDED;NOTPROVIDED;
;Annote: A Serious Game for Medical Students to Approach Lesion Skin Images of a Digital Library;https://imagelab.ing.unimore.it/annoteProject;FALSE;FALSE;TRUE;FALSE;FALSE;;;FALSE;;FALSE;IRCDL;;;;;404;;NOTPROVIDED;NOTPROVIDED;NOTPROVIDED;
Università degli studi di Padova;An IT Support for an Exhibition of Illuminated Manuscripts;https://ipsa.dei.unipd.it/;FALSE;TRUE;FALSE;TRUE;FALSE;https://ipsa.beniculturali.unipd.it/ipsa-web/?null=null&language=it;;FALSE;;FALSE;IRCDL;;;2013-01-17 08:22:14;2021-03-02 15:44:47;NOSTATUSCODE;https://web.archive.org/web/20210302154447/http://ipsa.dei.unipd.it/;NOTPROVIDED;NOTPROVIDED;NOTPROVIDED;
;AMiGre;;FALSE;TRUE;FALSE;FALSE;FALSE;;http://amigre.upatras.gr/;TRUE;;FALSE;AIUCD;;;NOTPROVIDED;NOTPROVIDED;NOTPROVIDED;;2017-08-08 07:50:57;2026-03-12 18:52:55;200;https://web.archive.org/web/20260312185255/https://amigre.upatras.gr/
Università di Udine;A Research Tool for the ERC-Funded EMoBookTrade project;http://emobooktrade.uniud.it/;FALSE;FALSE;FALSE;TRUE;FALSE;https://emobooktrade.unimi.it/;;FALSE;;FALSE;IRCDL;;;2018-04-30 07:23:23;2019-09-13 09:25:14;NOSTATUSCODE;https://web.archive.org/web/20190913092514/http://emobooktrade.uniud.it:80/;NOTPROVIDED;NOTPROVIDED;NOTPROVIDED;
Università di Bologna;zeri e lode;http://data.fondazionezeri.unibo.it/;TRUE;FALSE;FALSE;FALSE;TRUE;;;FALSE;;FALSE;Italian DH Institutions;;;2016-06-20 13:45:22;2025-10-04 10:47:34;200;https://web.archive.org/web/20251004104734/http://data.fondazionezeri.unibo.it/;NOTPROVIDED;NOTPROVIDED;NOTPROVIDED;
I Tatti - The Harvard University. Center For Italian Renaissance Studies;Yashiro;https://yashiro.itatti.harvard.edu/;TRUE;FALSE;FALSE;FALSE;FALSE;;;FALSE;;FALSE;Italian DH Institutions;;page not found;2015-07-15 00:33:15;2026-02-16 04:30:05;200;https://web.archive.org/web/20260216043005/https://yashiro.itatti.harvard.edu/;NOTPROVIDED;NOTPROVIDED;NOTPROVIDED;
Università degli studi Modena e Reggio Emilia;XDOCS: an Application to Index Historical Documents;https://aimagelab.ing.unimore.it/imagelab/project.asp?idprogetto=59;TRUE;FALSE;FALSE;FALSE;TRUE;;;FALSE;;FALSE;IRCDL;;;2020-08-09 05:50:23;2026-02-17 11:33:16;200;https://web.archive.org/web/20260217113316/https://aimagelab.ing.unimore.it/imagelab/project.asp?idProgetto=59;NOTPROVIDED;NOTPROVIDED;NOTPROVIDED;
Università Cattolica del Sacro Cuore of Milano;Word formation latin;https://progetti.unicatt.it/progetti-milan-wfl-home;TRUE;FALSE;FALSE;FALSE;FALSE;;http://wfl.marginalia.it;TRUE;;FALSE;Italian DH Institutions;;;2016-06-15 21:24:21;2025-05-22 22:52:28;200;https://web.archive.org/web/20250522225228/https://progetti.unicatt.it/progetti-milan-wfl-home;2017-04-21 18:29:28;2026-03-06 05:37:47;200;https://web.archive.org/web/20260306053747/https://wfl.marginalia.it/
Bibliotheca Hertziana;WissensGeschichte;https://wissensgeschichte.biblhertz.it/Glossario;TRUE;FALSE;FALSE;FALSE;FALSE;;;FALSE;;FALSE;Italian DH Institutions;;;2006-05-09 17:16:27;2025-02-09 17:59:32;200;https://web.archive.org/web/20250209175932/https://wissensgeschichte.biblhertz.it/Glossario;NOTPROVIDED;NOTPROVIDED;NOTPROVIDED;
Università di Bologna;WaCky - The Web-As-Corpus Kool Yinitiative;https://wacky.sslmit.unibo.it/;TRUE;FALSE;FALSE;FALSE;FALSE;;;;;;KNOT;http://purl.org/knot/data/wacky-project;;2005-03-05 22:32:52;2026-02-19 17:46:17;200;https://web.archive.org/web/20260219174617/http://wacky.sslmit.unibo.it/;NOTPROVIDED;NOTPROVIDED;NOTPROVIDED;
Kunsthistoriches Institut in Florenz;virtual repository of photographers' sales catalogues;https://virtualphotothek.khi.fi.it/catalogues/publisher;TRUE;FALSE;FALSE;FALSE;FALSE;;;FALSE;;FALSE;Italian DH Institutions;;;;;200;;NOTPROVIDED;NOTPROVIDED;NOTPROVIDED;
;Venice Squeeze Project;https://www.e-stampages.eu/s/e-stampages/page/accueil;FALSE;FALSE;FALSE;TRUE;FALSE;https://pric.unive.it/progetti/venice-squeeze-project/home;;FALSE;;FALSE;Italian DH Institutions;;;2019-02-20 07:22:29;2026-02-15 05:39:58;NOSTATUSCODE;https://web.archive.org/web/20260215053958/https://www.e-stampages.eu/s/e-stampages/page/accueil;NOTPROVIDED;NOTPROVIDED;NOTPROVIDED;
Università di Bologna;VASTO - VArchi, STOria FIORENTINA;https://dharc-org.github.io/progetto-vasto/index.html;TRUE;FALSE;FALSE;FALSE;FALSE;;;;;;KNOT;http://purl.org/knot/data/vasto-project;;2022-08-14 15:12:28;2025-11-18 19:11:15;200;https://web.archive.org/web/20251118191115/https://dharc-org.github.io/progetto-vasto/index.html;NOTPROVIDED;NOTPROVIDED;NOTPROVIDED;
Università di Bologna;vasto;https://dharc-org.github.io/progetto-vasto/;TRUE;FALSE;FALSE;FALSE;FALSE;;;FALSE;;FALSE;Italian DH Institutions;;;2020-09-10 09:59:42;2025-07-10 08:30:14;200;https://web.archive.org/web/20250710083014/https://dharc-org.github.io/progetto-vasto/;NOTPROVIDED;NOTPROVIDED;NOTPROVIDED;
"Università degli studi di Padova; Università degli studi di Milano; Università di Siena";Varianti all’opera;https://www.variantiallopera.it/public/;TRUE;FALSE;FALSE;FALSE;FALSE;;;;;;KNOT;http://purl.org/knot/data/varianti-opera-project;;2016-11-02 13:04:48;2026-01-16 20:11:24;200;https://web.archive.org/web/20260116201124/https://www.variantiallopera.it/public/;NOTPROVIDED;NOTPROVIDED;NOTPROVIDED;
Bibliotheca Hertziana;Urbs;https://dlib.biblhertz.it/urbs;TRUE;FALSE;FALSE;FALSE;FALSE;;;FALSE;;FALSE;Italian DH Institutions;;;2024-07-30 11:16:26;2025-05-13 13:11:48;200;https://web.archive.org/web/20250513131148/https://dlib.biblhertz.it/urbs/;NOTPROVIDED;NOTPROVIDED;NOTPROVIDED;
Università di Bologna;Upgrading History. Diaries from the War Front;https://projects.dharc.unibo.it/uhdw/;TRUE;FALSE;FALSE;FALSE;FALSE;;;FALSE;;FALSE;Italian DH Institutions;;;2019-06-28 11:12:06;2026-01-07 06:09:46;200;https://web.archive.org/web/20260107060946/http://projects.dharc.unibo.it/uhdw/;NOTPROVIDED;NOTPROVIDED;NOTPROVIDED;
;Unione Donne in Italia: digital library;https://archiviodigitale.udinazionale.org/;TRUE;FALSE;FALSE;FALSE;FALSE;;;FALSE;;FALSE;Italian DH Institutions;;;2018-06-02 23:33:13;2026-03-02 17:48:49;200;https://web.archive.org/web/20260302174849/https://archiviodigitale.udinazionale.org/;NOTPROVIDED;NOTPROVIDED;NOTPROVIDED;
;Tree of philosophers;https://treeofphilosophers.it/labels;TRUE;FALSE;FALSE;FALSE;FALSE;;;FALSE;;FALSE;AIUCD;;;2024-12-13 04:56:27;2024-12-13 04:56:27;404;https://web.archive.org/web/20241213045627/http://treeofphilosophers.it/labels;NOTPROVIDED;NOTPROVIDED;NOTPROVIDED;
Università di Pisa;The Vercelli Book;http://vbd.humnet.unipi.it/beta2/;TRUE;FALSE;FALSE;FALSE;FALSE;;;FALSE;;FALSE;Italian DH Institutions;;some images are not shown correctly;2016-03-26 12:43:08;2025-10-05 23:19:43;NOSTATUSCODE;https://web.archive.org/web/20251005231943/http://vbd.humnet.unipi.it/beta2/;NOTPROVIDED;NOTPROVIDED;NOTPROVIDED;
Fondazione Enzo Franceschini;The TRAME Project - Text and Manuscript Transmission of the Middle Ages in Europe;http://git-trame.fefonlus.it/;TRUE;FALSE;FALSE;FALSE;FALSE;;;FALSE;;FALSE;IRCDL;;;2017-06-18 21:58:04;2026-03-15 17:29:33;200;https://web.archive.org/web/20260315172933/http://git-trame.fefonlus.it/;NOTPROVIDED;NOTPROVIDED;NOTPROVIDED;
"The Edith O’Donnell Institute of Art History, The University of Texas at Dallas;
Centro per la Storia dell’Arte e dell’Architettura delle Città Portuali;
Museo e Real Bosco di Capodimonte;
Università degli Studi di Napoli Federico II;
Duke Trinity College of Arts & Sciences;
Digital Art History & Visual Culture Research Lab;
National Endowment for the Humanities;
International Center of Medieval Art (ICMA).";The medieval kingdom of Sicily: image database;https://koseodiah.org/mapofkingdom.php;TRUE;FALSE;FALSE;FALSE;TRUE;;;FALSE;;FALSE;Italian DH Institutions;;internalized, maybe accessible using VPN;2025-01-21 09:59:23;2025-01-21 09:59:23;200;https://web.archive.org/web/20250121095923/https://koseodiah.org/mapofkingdom.php;NOTPROVIDED;NOTPROVIDED;NOTPROVIDED;
"The Edith O’Donnell Institute of Art History, The University of Texas at Dallas;
Centro per la Storia dell’Arte e dell’Architettura delle Città Portuali;
Museo e Real Bosco di Capodimonte;
Università degli Studi di Napoli Federico II;
Duke Trinity College of Arts & Sciences;
Digital Art History & Visual Culture Research Lab;
National Endowment for the Humanities;
International Center of Medieval Art (ICMA).";The Medieval Kingdom of Sicily Image Database;https://koseodiah.org/index.php;TRUE;FALSE;FALSE;FALSE;FALSE;;;FALSE;;FALSE;AIUCD;;;2023-11-04 02:17:11;2025-05-27 08:32:57;200;https://web.archive.org/web/20250527083257/https://koseodiah.org/index.php;NOTPROVIDED;NOTPROVIDED;NOTPROVIDED;
Andrew W. Mellon Foundation;The Medici Archive Project;http://bia.medici.org/;TRUE;FALSE;FALSE;FALSE;TRUE;;;FALSE;;FALSE;DH Awards;;;2012-12-31 16:41:31;2026-01-26 01:22:17;200;https://web.archive.org/web/20260126012217/http://bia.medici.org/;NOTPROVIDED;NOTPROVIDED;NOTPROVIDED;
Andrew W. Mellon Foundation;The Falconieri Project;https://falconieri.medici.org/Mia/LoginUser.do;TRUE;FALSE;FALSE;FALSE;TRUE;;;FALSE;;FALSE;Italian DH Institutions;;log-in required;2020-10-25 22:19:50;2022-03-08 06:39:52;200;https://web.archive.org/web/20220308063952/https://falconieri.medici.org/Mia/LoginUser.do;NOTPROVIDED;NOTPROVIDED;NOTPROVIDED;
Istituto Pio Paschini per la Storia della Chiesa in Friuli;The Biographical Dictionary of Friulans -“Nuovo Liruti” On-Line;https://www.dizionariobiograficodeifriulani.it/;TRUE;FALSE;FALSE;FALSE;FALSE;;;FALSE;;FALSE;IRCDL;;;2017-04-06 20:16:37;2026-04-30 02:31:14;200;https://web.archive.org/web/20260430023114/https://www.dizionariobiograficodeifriulani.it/;NOTPROVIDED;NOTPROVIDED;NOTPROVIDED;
Istituto Nazionale di Astrofisica;The AstroBID: Preserving and Sharing the Italian Astronomical Heritage.;www.beniculturali.inaf.it;TRUE;FALSE;FALSE;FALSE;FALSE;;;FALSE;;FALSE;IRCDL;;;2015-12-26 09:35:52;2026-04-15 07:52:02;200;https://web.archive.org/web/20260415075202/https://www.beniculturali.inaf.it/;NOTPROVIDED;NOTPROVIDED;NOTPROVIDED;
;The Archivio dei Possessori of the Biblioteca Nazionale Marciana. A Provenance Database;https://archiviopossessori.it/;TRUE;FALSE;FALSE;FALSE;FALSE;;;FALSE;;FALSE;IRCDL;;;2021-07-15 15:27:00;2026-01-06 22:54:06;200;https://web.archive.org/web/20260106225406/https://archiviopossessori.it/;NOTPROVIDED;NOTPROVIDED;NOTPROVIDED;
;The “Verbo-Visual Virtual” Platform;https://www.verbovisualevirtuale.org/;TRUE;FALSE;FALSE;FALSE;TRUE;;;FALSE;;FALSE;AIUCD;;;2016-04-24 11:51:24;2026-03-15 11:35:44;200;https://web.archive.org/web/20260315113544/https://verbovisualevirtuale.org/;NOTPROVIDED;NOTPROVIDED;NOTPROVIDED;
;Stragi Nazifasciste;https://www.straginazifasciste.it/;TRUE;FALSE;FALSE;FALSE;FALSE;;;FALSE;;FALSE;AIUCD;;;2016-04-10 06:52:57;2026-04-21 16:35:53;200;https://web.archive.org/web/20260421163553/https://www.straginazifasciste.it/;NOTPROVIDED;NOTPROVIDED;NOTPROVIDED;
;Storia dei Carabinieri;https://www.spreaker.com/show/storia-dei-carabinieri;TRUE;FALSE;FALSE;FALSE;TRUE;;;FALSE;;FALSE;DH Awards;;unreachable site;2020-11-01 01:10:00;2023-10-05 08:35:21;404;https://web.archive.org/web/20231005083521/https://www.spreaker.com/show/storia-dei-carabinieri;NOTPROVIDED;NOTPROVIDED;NOTPROVIDED;
Bibliotheca Hertziana;Staccioli;https://staccioli.biblhertz.it/resource/;TRUE;FALSE;FALSE;FALSE;FALSE;;;FALSE;;FALSE;Italian DH Institutions;;;2024-06-04 21:19:14;2024-06-04 21:19:14;200;https://web.archive.org/web/20240604211914/https://staccioli.biblhertz.it/resource/;NOTPROVIDED;NOTPROVIDED;NOTPROVIDED;
Bibliotheca Hertziana;Spatial;https://dlib.biblhertz.it/spatial/;TRUE;FALSE;FALSE;FALSE;FALSE;;;FALSE;;FALSE;Italian DH Institutions;;;;;200;;NOTPROVIDED;NOTPROVIDED;NOTPROVIDED;
Bibliotheca Hertziana;Siena map;https://db.biblhertz.it/siena/siena.xql;TRUE;FALSE;FALSE;FALSE;FALSE;;;FALSE;;FALSE;Italian DH Institutions;;;2019-01-14 14:24:44;2025-12-25 01:23:06;200;https://web.archive.org/web/20251225012306/https://db.biblhertz.it/siena/siena.xql;NOTPROVIDED;NOTPROVIDED;NOTPROVIDED;
Regione Veneto;SIAR: A User-Centric Digital Archive System;https://siar.regione.veneto.it/;TRUE;FALSE;FALSE;FALSE;FALSE;;;FALSE;;FALSE;IRCDL;;;2017-07-17 20:59:10;2026-01-17 09:28:47;NOSTATUSCODE;https://web.archive.org/web/20260117092847/https://siar.regione.veneto.it/;NOTPROVIDED;NOTPROVIDED;NOTPROVIDED;
Università di Pisa;SERICA;https://serica.unipi.it/;TRUE;FALSE;FALSE;FALSE;FALSE;;;;;;KNOT;http://purl.org/knot/data/serica-project;;2022-09-04 17:16:37;2025-04-01 14:59:51;200;https://web.archive.org/web/20250401145951/https://serica.unipi.it/;NOTPROVIDED;NOTPROVIDED;NOTPROVIDED;
Università di Bologna;semantic digital edition of vespasiano da bisticci’s letters;http://projects.dharc.unibo.it/vespasiano/;TRUE;FALSE;FALSE;FALSE;FALSE;;;FALSE;;FALSE;Italian DH Institutions;;;2020-12-04 15:42:31;2026-02-17 06:14:58;200;https://web.archive.org/web/20260217061458/https://projects.dharc.unibo.it/vespasiano/;NOTPROVIDED;NOTPROVIDED;NOTPROVIDED;
Università di Bologna;semantic digital edition of paolo bufalini’s notebook;http://projects.dharc.unibo.it/bufalini-notebook/;TRUE;FALSE;FALSE;FALSE;FALSE;;;FALSE;;FALSE;Italian DH Institutions;;;2020-11-21 23:26:27;2026-04-10 23:16:44;200;https://web.archive.org/web/20260410231644/https://projects.dharc.unibo.it/bufalini-notebook/;NOTPROVIDED;NOTPROVIDED;NOTPROVIDED;
Università di Pisa;S. Michele Arcangelo di Pegazzano;https://sanmichelepegazzano.labcd.unipi.it/;TRUE;FALSE;FALSE;FALSE;FALSE;;;;;;KNOT;http://purl.org/knot/data/pegazzano-project;;2019-12-16 03:29:16;2025-12-25 22:07:57;NOSTATUSCODE;https://web.archive.org/web/20251225220757/https://sanmichelepegazzano.labcd.unipi.it/;NOTPROVIDED;NOTPROVIDED;NOTPROVIDED;
I Tatti - The Harvard University. Center For Italian Renaissance Studies;RePIM - Repertorio della Poesia Italiana in Musica;https://repim.itatti.harvard.edu/resource/repim:formSearch;TRUE;FALSE;FALSE;FALSE;FALSE;;;;;;KNOT;http://purl.org/knot/data/repim-project;;2023-06-07 17:44:19;2026-01-24 08:20:48;200;https://web.archive.org/web/20260124082048/https://repim.itatti.harvard.edu/resource/repim:formSearch;NOTPROVIDED;NOTPROVIDED;NOTPROVIDED;
I Tatti - The Harvard University. Center For Italian Renaissance Studies;Repim;https://repim.itatti.harvard.edu/;TRUE;FALSE;FALSE;FALSE;FALSE;;;FALSE;;FALSE;AIUCD;;;2022-01-20 21:30:05;2025-05-26 05:20:02;200;https://web.archive.org/web/20250526052002/https://repim.itatti.harvard.edu/;NOTPROVIDED;NOTPROVIDED;NOTPROVIDED;
Università di Pisa;Registri Monterosso;https://registrimonterosso.labcd.unipi.it/;TRUE;FALSE;FALSE;FALSE;FALSE;;;FALSE;;FALSE;AIUCD;;;2022-01-20 21:39:06;2025-10-23 00:41:37;NOSTATUSCODE;https://web.archive.org/web/20251023004137/https://registrimonterosso.labcd.unipi.it/;NOTPROVIDED;NOTPROVIDED;NOTPROVIDED;
Università degli studi di Padova;RDCI - Repertorio Digitale della Canzone Italiana;https://www.rdci.it/;TRUE;FALSE;FALSE;FALSE;FALSE;;;;;;KNOT;http://purl.org/knot/data/repertorio-canzone-project;;2021-06-24 09:06:14;2026-03-16 05:49:29;200;https://web.archive.org/web/20260316054929/https://www.rdci.it/;NOTPROVIDED;NOTPROVIDED;NOTPROVIDED;
Bibliotheca Hertziana;Rara;https://rara.biblhertz.it/;TRUE;FALSE;FALSE;FALSE;FALSE;;;FALSE;;FALSE;Italian DH Institutions;;;2013-07-03 10:01:42;2026-01-08 22:02:17;200;https://web.archive.org/web/20260108220217/https://rara.biblhertz.it/;NOTPROVIDED;NOTPROVIDED;NOTPROVIDED;
Università di Bologna;Ragu project;https://raguproject.github.io/;TRUE;FALSE;FALSE;FALSE;FALSE;;;FALSE;https://raguproject.github.io/;FALSE;AIUCD;;;2023-12-09 17:38:07;2025-01-26 11:58:04;200;https://web.archive.org/web/20250126115804/https://raguproject.github.io/;NOTPROVIDED;NOTPROVIDED;NOTPROVIDED;
Bibliotheca Hertziana;Project 3d Bridge;https://wissensgeschichte.biblhertz.it/3d-bridge-html/index3D.html;TRUE;FALSE;FALSE;FALSE;FALSE;;;FALSE;;FALSE;Italian DH Institutions;;;2007-06-25 05:33:59;2009-01-19 14:11:43;404;https://web.archive.org/web/20090119141143/http://wissensgeschichte.biblhertz.it:80/3d-bridge-html/index3D.html;NOTPROVIDED;NOTPROVIDED;NOTPROVIDED;
Accademia della Crusca;Progetto viver;https://testi.progettoviver.it/;TRUE;FALSE;FALSE;FALSE;FALSE;;;FALSE;;FALSE;AIUCD;;;2023-12-06 14:48:12;2026-01-20 23:05:28;401;https://web.archive.org/web/20260120230528/https://testi.progettoviver.it/;NOTPROVIDED;NOTPROVIDED;NOTPROVIDED;
Università di Verona;Progetto Mambrino;https://www.mambrino.it/it;TRUE;FALSE;FALSE;FALSE;FALSE;;;FALSE;;FALSE;AIUCD;;;2019-07-20 05:21:01;2026-03-08 06:39:58;200;https://web.archive.org/web/20260308063958/https://www.mambrino.it/it;NOTPROVIDED;NOTPROVIDED;NOTPROVIDED;
Università di Catania;Poichilia;https://poichilia.unict.it;TRUE;FALSE;FALSE;FALSE;FALSE;;;FALSE;;FALSE;Italian DH Institutions;;;2023-01-10 23:46:29;2023-08-01 19:48:33;200;https://web.archive.org/web/20230801194833/http://poichilia.unict.it/;NOTPROVIDED;NOTPROVIDED;NOTPROVIDED;
Università di Catania;Pirandello nazionale;https://www.pirandellonazionale.it/opere/;TRUE;FALSE;FALSE;FALSE;FALSE;;;FALSE;https://www.pirandellonazionale.it/;TRUE;AIUCD;;;2017-12-18 06:45:48;2026-01-24 03:14:20;200;https://web.archive.org/web/20260124031420/https://www.pirandellonazionale.it/opere/;NOTPROVIDED;NOTPROVIDED;NOTPROVIDED;
Università di Bologna;philoeditor;http://projects.dharc.unibo.it/philoeditor/;TRUE;FALSE;FALSE;FALSE;FALSE;;;FALSE;;FALSE;Italian DH Institutions;;;2021-12-17 00:19:11;2025-10-10 05:35:55;200;https://web.archive.org/web/20251010053555/http://projects.dharc.unibo.it/philoeditor/;NOTPROVIDED;NOTPROVIDED;NOTPROVIDED;
"I Tatti - The Harvard University. Center For Italian Renaissance Studies; University of Bologna; Kunsthistoriches Institut in Florenz; Bibliotheca Hertziana";Pharos;https://pharosartresearch.org/;TRUE;FALSE;FALSE;FALSE;FALSE;;;FALSE;;FALSE;Italian DH Institutions;;;2016-10-30 05:04:38;2026-02-17 15:30:42;200;https://web.archive.org/web/20260217153042/http://pharosartresearch.org/;NOTPROVIDED;NOTPROVIDED;NOTPROVIDED;
Indiana University;Petrarchive;https://dcl.luddy.indiana.edu/petrarchive/;TRUE;FALSE;FALSE;FALSE;FALSE;;;FALSE;;FALSE;AIUCD;;;2023-12-01 13:29:12;2026-03-15 02:16:39;200;https://web.archive.org/web/20260315021639/https://dcl.luddy.indiana.edu/petrarchive/;NOTPROVIDED;NOTPROVIDED;NOTPROVIDED;
Bibliotheca Hertziana;Perspectiva;https://dlib.biblhertz.it/perspectiva/;TRUE;FALSE;FALSE;FALSE;TRUE;;;FALSE;;FALSE;Italian DH Institutions;;;;;200;;NOTPROVIDED;NOTPROVIDED;NOTPROVIDED;
Università di Pisa;Pelavicino;http://pelavicino.labcd.unipi.it/;TRUE;FALSE;FALSE;FALSE;FALSE;;;FALSE;;FALSE;Italian DH Institutions;;;2015-12-25 00:43:10;2025-12-31 09:13:47;NOSTATUSCODE;https://web.archive.org/web/20251231091347/https://pelavicino.labcd.unipi.it/;NOTPROVIDED;NOTPROVIDED;NOTPROVIDED;
"Università degli studi di Roma ""La Sapienza""";PAThs - Archaeological Atlas of Coptic Literature;https://atlas.paths-erc.eu/;TRUE;FALSE;FALSE;FALSE;FALSE;;;;;;KNOT;http://purl.org/knot/data/paths-project;;2019-02-25 10:44:01;2026-02-18 14:23:31;200;https://web.archive.org/web/20260218142331/https://atlas.paths-erc.eu/;NOTPROVIDED;NOTPROVIDED;NOTPROVIDED;
ICAr;PARTIGIANI D'ITALIA;https://partigianiditalia.cultura.gov.it/;TRUE;FALSE;FALSE;FALSE;FALSE;;;;;;KNOT;http://purl.org/knot/data/partigiani-italia-project;;2022-12-10 14:41:50;2026-03-30 12:04:18;200;https://web.archive.org/web/20260330120418/https://partigianiditalia.cultura.gov.it/;NOTPROVIDED;NOTPROVIDED;NOTPROVIDED;
;Papyri.info;https://papyri.info/;TRUE;FALSE;FALSE;FALSE;FALSE;;;FALSE;;FALSE;Italian DH Institutions;;;2007-09-29 00:41:54;2026-05-10 21:57:03;200;https://web.archive.org/web/20260510215703/http://papyri.info/;NOTPROVIDED;NOTPROVIDED;NOTPROVIDED;
Università di Bologna, CNR, Università degli studi di Trento, Istituto di linguistica computazionale A. Zampolli , Accademia europea di Bolzano;PAISÀ corpus italiano;https://www.corpusitaliano.it/en/index.html;TRUE;FALSE;FALSE;FALSE;FALSE;;;;;;KNOT;http://purl.org/knot/data/paisa-project;;2012-09-30 01:40:22;2026-03-12 13:42:34;200;https://web.archive.org/web/20260312134234/http://corpusitaliano.it/en/index.html;NOTPROVIDED;NOTPROVIDED;NOTPROVIDED;
Università di Bologna;OpenGadda;https://numgadda.github.io/OpenGadda/databasecolumnmerge.html;TRUE;FALSE;FALSE;FALSE;FALSE;;;FALSE;;FALSE;AIUCD;;;2025-03-06 21:04:47;2025-03-06 21:04:47;200;https://web.archive.org/web/20250306210447/https://numgadda.github.io/OpenGadda/databasecolumnmerge.html;NOTPROVIDED;NOTPROVIDED;NOTPROVIDED;
Università di Pisa;Odonomastica Femminile;http://www.labcd.unipi.it/odonomastica-femminile/;TRUE;FALSE;FALSE;FALSE;TRUE;;;FALSE;;FALSE;Italian DH Institutions;;not working;2022-05-18 16:23:35;2025-12-09 08:04:57;NOSTATUSCODE;https://web.archive.org/web/20251209080457/http://www.labcd.unipi.it/odonomastica-femminile/;NOTPROVIDED;NOTPROVIDED;NOTPROVIDED;
Università di Bologna;odi: uno studio su il castello dei destini incrociati di italo calvino;https://projects.dharc.unibo.it/odi/;TRUE;FALSE;FALSE;FALSE;FALSE;;;FALSE;;FALSE;Italian DH Institutions;;some research filters are not working;2023-11-29 02:07:18;2026-03-09 12:10:05;200;https://web.archive.org/web/20260309121005/http://projects.dharc.unibo.it/odi/;NOTPROVIDED;NOTPROVIDED;NOTPROVIDED;
Università Ca' Foscari Venezia;Nuova Bilioteca Manoscritta;https://www.nuovabibliotecamanoscritta.it/;TRUE;FALSE;FALSE;FALSE;FALSE;;;FALSE;;FALSE;Italian DH Institutions;;;2006-02-14 09:34:33;2026-02-08 03:34:47;200;https://web.archive.org/web/20260208033447/https://www.nuovabibliotecamanoscritta.it/;NOTPROVIDED;NOTPROVIDED;NOTPROVIDED;
Bibliotheca Hertziana;Noack;https://db.biblhertz.it/noack/noack.xml;TRUE;FALSE;FALSE;FALSE;TRUE;;;FALSE;;FALSE;Italian DH Institutions;;;2007-05-13 20:47:23;2024-04-30 03:08:52;200;https://web.archive.org/web/20240430030852/https://db.biblhertz.it/noack/noack.xml;NOTPROVIDED;NOTPROVIDED;NOTPROVIDED;
;Navigli Project;http://arcg.is/0vfWKj;TRUE;FALSE;FALSE;FALSE;FALSE;;;FALSE;;FALSE;DH Awards;;;2020-10-08 06:34:02;2025-09-11 17:34:00;200;https://web.archive.org/web/20250911173400/http://arcg.is/0vfWKj;NOTPROVIDED;NOTPROVIDED;NOTPROVIDED;
Università di Bologna;mythlod;https://dharc-org.github.io/mythlod/;TRUE;FALSE;FALSE;FALSE;FALSE;;;FALSE;;FALSE;Italian DH Institutions;;showcase website;2021-11-22 20:11:10;2025-05-29 17:53:07;200;https://web.archive.org/web/20250529175307/https://dharc-org.github.io/mythlod/;NOTPROVIDED;NOTPROVIDED;NOTPROVIDED;
Università di Bologna;mythLOD;https://dharc-org.github.io/mythlod/static/mima.html;TRUE;FALSE;FALSE;FALSE;FALSE;;;;;;KNOT;http://purl.org/knot/data/mythlod-project;;2022-12-05 20:27:10;2025-05-29 17:53:07;200;https://web.archive.org/web/20250529175307/https://dharc-org.github.io/mythlod/static/mima.html;NOTPROVIDED;NOTPROVIDED;NOTPROVIDED;
Università di Bologna;musow;http://projects.dharc.unibo.it/musow/;TRUE;FALSE;FALSE;FALSE;TRUE;;;FALSE;;FALSE;Italian DH Institutions;;not private connection;2021-11-17 13:32:50;2025-09-12 22:09:47;503;https://web.archive.org/web/20250912220947/https://projects.dharc.unibo.it/musow/;NOTPROVIDED;NOTPROVIDED;NOTPROVIDED;
Università Ca' Foscari Venezia;Musisque Deoque. Un archivio digitale di poesia latina;https://mizar.unive.it/mqdq/public/index;TRUE;FALSE;FALSE;FALSE;FALSE;;;;;;KNOT;http://purl.org/knot/data/musisque-deoque-project;;2019-03-06 08:06:09;2024-12-09 10:26:24;NOSTATUSCODE;https://web.archive.org/web/20241209102624/https://mizar.unive.it/mqdq/public/index;NOTPROVIDED;NOTPROVIDED;NOTPROVIDED;
"Università Ca’ Foscari Venezia; Università della Calabria;Università di Napoli Federico II; Università degli Studi di Parma ;Università degli Studi di Perugia";Musisque Deoque;http://www.mqdq.it/;TRUE;FALSE;FALSE;FALSE;FALSE;;;FALSE;;FALSE;DH Awards;;;2013-05-26 02:23:56;2026-03-09 20:36:23;200;https://web.archive.org/web/20260309203623/https://mqdq.it/;NOTPROVIDED;NOTPROVIDED;NOTPROVIDED;
Università degli studi di Padova;Metastasio;https://www.progettometastasio.it/public/;TRUE;FALSE;FALSE;FALSE;FALSE;;;;;;KNOT;http://purl.org/knot/data/metastasio-drammi-project;;2016-07-26 21:25:16;2026-03-16 08:41:03;200;https://web.archive.org/web/20260316084103/https://www.progettometastasio.it/public/;NOTPROVIDED;NOTPROVIDED;NOTPROVIDED;
Università degli studi di Padova;Metadata as Semantic Palimpsests: The Case of PHAIDRA@unipd;https://phaidra.cab.unipd.it/info/impressum;TRUE;FALSE;FALSE;FALSE;FALSE;;;FALSE;;FALSE;IRCDL;;https protocol not updated;2014-12-18 21:57:50;2026-04-14 02:42:47;200;https://web.archive.org/web/20260414024247/https://phaidra.cab.unipd.it/info/impressum;NOTPROVIDED;NOTPROVIDED;NOTPROVIDED;
"Università di Pisa; ILC-CNR; Università di Siena";Memoria di guerra;http://www.memoriediguerra.it/;TRUE;FALSE;FALSE;FALSE;FALSE;;;;;;KNOT;http://purl.org/knot/data/memorie-guerra-project;;2017-08-09 14:22:43;2025-11-07 15:03:19;200;https://web.archive.org/web/20251107150319/http://memoriediguerra.it/;NOTPROVIDED;NOTPROVIDED;NOTPROVIDED;
Università di Bologna;melody. make me a linked open data story;https://projects.dharc.unibo.it/melody/;TRUE;FALSE;FALSE;FALSE;FALSE;;;FALSE;;FALSE;Italian DH Institutions;;sometimes it loads the contents, sometimes no;2022-10-06 19:12:07;2026-01-15 23:54:28;200;https://web.archive.org/web/20260115235428/https://projects.dharc.unibo.it/melody/;NOTPROVIDED;NOTPROVIDED;NOTPROVIDED;
Università di Bologna;mAuth - Mining Authoritativeness in Art History;https://projects.dharc.unibo.it/mauth/search;TRUE;FALSE;FALSE;FALSE;TRUE;;;;;;KNOT;http://purl.org/knot/data/mauth-project;;2021-11-22 20:11:19;2025-03-21 13:39:39;406;https://web.archive.org/web/20250321133939/http://projects.dharc.unibo.it/mauth/search;NOTPROVIDED;NOTPROVIDED;NOTPROVIDED;
Università di Pisa;Matilde Di Canossa;http://www.labcd.unipi.it/matildedicanossa;TRUE;FALSE;FALSE;FALSE;FALSE;;;FALSE;;FALSE;Italian DH Institutions;;;2021-03-19 07:48:28;2026-01-03 00:16:39;NOSTATUSCODE;https://web.archive.org/web/20260103001639/http://www.labcd.unipi.it/matildedicanossa;NOTPROVIDED;NOTPROVIDED;NOTPROVIDED;
Bibliotheca Hertziana;Maps and Gazetteers;https://maps.biblhertz.it/;TRUE;FALSE;FALSE;FALSE;FALSE;;;FALSE;;FALSE;Italian DH Institutions;;site unreachable;2019-11-15 05:18:31;2026-05-05 16:27:34;200;https://web.archive.org/web/20260505162734/https://maps.biblhertz.it/;NOTPROVIDED;NOTPROVIDED;NOTPROVIDED;
Università di Pisa;Mappa project;https://mappaproject.arch.unipi.it/mod/Index.php;TRUE;FALSE;FALSE;FALSE;FALSE;;http://www.mappaproject.org/;TRUE;;;KNOT;http://purl.org/knot/data/mappa-open-project;;2012-05-24 04:23:54;2025-01-16 13:17:19;NOSTATUSCODE;https://web.archive.org/web/20250116131719/http://mappaproject.arch.unipi.it/mod/Index.php;2012-05-31 03:08:43;2026-01-09 16:19:51;200;https://web.archive.org/web/20260109161951/https://www.mappaproject.org/
Università degli studi di Firenze;Manoscritti Italiani Volgari del 17° secolo;https://miv17.labdilef.it/;TRUE;FALSE;FALSE;FALSE;FALSE;;;;;;KNOT;http://purl.org/knot/data/miv17-project;;2023-01-28 07:31:05;2026-02-04 12:11:53;200;https://web.archive.org/web/20260204121153/http://miv17.labdilef.it/;NOTPROVIDED;NOTPROVIDED;NOTPROVIDED;
Università degli studi Modena e Reggio Emilia;Lodovico Media Library;https://lodovico.medialibrary.it/home/index.aspx;TRUE;FALSE;FALSE;FALSE;FALSE;;;;;;KNOT;http://purl.org/knot/data/lodovico-project;;2021-04-15 10:02:13;2026-04-30 17:55:35;200;https://web.archive.org/web/20260430175535/https://lodovico.medialibrary.it/home/index.aspx;NOTPROVIDED;NOTPROVIDED;NOTPROVIDED;
Università Cattolica del Sacro Cuore;Linking Latin;https://lila-erc.eu/LiLaLisp/;TRUE;FALSE;FALSE;FALSE;FALSE;;;FALSE;https://lila-erc.eu/#about-1;TRUE;AIUCD;;;2023-10-20 13:14:10;2024-12-09 10:21:39;200;https://web.archive.org/web/20241209102139/https://lila-erc.eu/LiLaLisp/;NOTPROVIDED;NOTPROVIDED;NOTPROVIDED;
Bibliotheca Hertziana;Lineamenta;https://fm.biblhertz.it/fmi/xsl/home.xsl?-token.proj=li;TRUE;FALSE;FALSE;FALSE;FALSE;;;FALSE;;FALSE;Italian DH Institutions;;;2020-08-20 06:02:20;2022-07-12 13:03:30;500;https://web.archive.org/web/20220712130330/http://fm.biblhertz.it/fmi/xsl/home.xsl?-token.proj=li;NOTPROVIDED;NOTPROVIDED;NOTPROVIDED;
Università di Catania;Linea: per un portale della letteratura italiana del Novecento;https://linea.unict.it;TRUE;FALSE;FALSE;FALSE;FALSE;;;FALSE;;FALSE;Italian DH Institutions;;;2022-06-26 01:07:51;2025-08-03 16:59:57;200;https://web.archive.org/web/20250803165957/https://linea.unict.it/;NOTPROVIDED;NOTPROVIDED;NOTPROVIDED;
Università degli studi di Padova;Libretti d'opera;https://www.librettodopera.it/public/;TRUE;FALSE;FALSE;FALSE;FALSE;;;;;;KNOT;http://purl.org/knot/data/libretti-opera-project;;2016-12-24 12:52:31;2025-12-11 15:52:30;200;https://web.archive.org/web/20251211155230/https://www.librettodopera.it/public/;NOTPROVIDED;NOTPROVIDED;NOTPROVIDED;
Coordinamento Biblioteche Speciali e Specialistiche di Torino;Library Data Integration: the CoBiS Linked Open Data Project and Portal;https://dati.cobis.to.it/;TRUE;FALSE;FALSE;FALSE;FALSE;;;FALSE;;FALSE;IRCDL;;;2018-12-24 09:18:24;2026-02-04 01:53:59;200;https://web.archive.org/web/20260204015359/https://dati.cobis.to.it/;NOTPROVIDED;NOTPROVIDED;NOTPROVIDED;
Università di Salerno;LIBERaBIT;https://www.liberabit.unisa.it/;TRUE;FALSE;FALSE;FALSE;FALSE;;;;;;KNOT;http://purl.org/knot/data/liberabit-project;;2022-09-19 18:31:15;2026-02-03 17:54:11;200;https://web.archive.org/web/20260203175411/https://www.liberabit.unisa.it/;NOTPROVIDED;NOTPROVIDED;NOTPROVIDED;
Università di Bologna;leggo manzoni;https://projects.dharc.unibo.it/leggomanzoni/;TRUE;FALSE;FALSE;FALSE;FALSE;;;FALSE;;FALSE;Italian DH Institutions;;;2024-04-04 06:10:56;2026-01-22 22:48:25;200;https://web.archive.org/web/20260122224825/https://projects.dharc.unibo.it/leggomanzoni/;NOTPROVIDED;NOTPROVIDED;NOTPROVIDED;
Accademia della Crusca;Le parole dell'arte. Accademia della crusca;https://mla.accademiadellacrusca.org/;TRUE;FALSE;FALSE;FALSE;FALSE;;;FALSE;;FALSE;Italian DH Institutions;;;2019-03-28 15:34:02;2025-12-18 07:05:15;200;https://web.archive.org/web/20251218070515/https://mla.accademiadellacrusca.org/;NOTPROVIDED;NOTPROVIDED;NOTPROVIDED;
Università degli studi di Firenze;Le Lettere di Alessandra Macinghi Strozzi;https://macinghi-strozzi.labdilef.it/;TRUE;FALSE;FALSE;FALSE;FALSE;;;;;;KNOT;http://purl.org/knot/data/macinghi-strozzi-project;;2022-06-30 16:45:39;2025-12-13 15:19:34;200;https://web.archive.org/web/20251213151934/https://macinghi-strozzi.labdilef.it/;NOTPROVIDED;NOTPROVIDED;NOTPROVIDED;
;Last Letters from the World Wars: Forming Italian Language, Identity and Memory in Texts of Conflict;https://www.ultimelettere.it/LastLetters/;TRUE;FALSE;FALSE;FALSE;FALSE;;;FALSE;;FALSE;Italian DH Institutions;;;2019-07-20 01:15:36;2026-02-19 00:16:58;200;https://web.archive.org/web/20260219001658/https://www.ultimelettere.it/LastLetters/;NOTPROVIDED;NOTPROVIDED;NOTPROVIDED;
Università di Pisa;L'Area Cimiteriale di San Matteo;https://sepolturesanmatteo.labcd.unipi.it/;TRUE;FALSE;FALSE;FALSE;FALSE;;;;;;KNOT;http://purl.org/knot/data/cimi-san-matteo-project;;2021-03-05 00:01:09;2025-10-25 00:04:05;NOSTATUSCODE;https://web.archive.org/web/20251025000405/https://sepolturesanmatteo.labcd.unipi.it/;NOTPROVIDED;NOTPROVIDED;NOTPROVIDED;
;Italian Natural Language Processing Lab;http://www.italianlp.it/demo/linguistic-annotation-tool/;TRUE;FALSE;FALSE;FALSE;FALSE;;;;;;KNOT;http://purl.org/knot/data/lingua-project;;2014-07-12 10:58:42;2026-02-16 21:07:29;200;https://web.archive.org/web/20260216210729/http://www.italianlp.it/demo/linguistic-annotation-tool/;NOTPROVIDED;NOTPROVIDED;NOTPROVIDED;
;IntraText dLib: digital library framework system based on distributed collaboration, e-mail interaction and easy to use text-to-xml facilities for editorial accuracy ;https://www.intratext.com/;TRUE;FALSE;FALSE;FALSE;TRUE;;;FALSE;;FALSE;IRCDL;;;2000-02-29 04:38:37;2026-05-04 05:32:56;200;https://web.archive.org/web/20260504053256/https://www.intratext.com/;NOTPROVIDED;NOTPROVIDED;NOTPROVIDED;
Università Cattolica del Sacro Cuore;Index Thomisticus Treebank;https://itreebank.marginalia.it/;TRUE;FALSE;FALSE;FALSE;FALSE;;;FALSE;;FALSE;Italian DH Institutions;;multilingual option not working;2008-12-17 15:41:46;2026-04-05 00:55:49;200;https://web.archive.org/web/20260405005549/https://itreebank.marginalia.it/;NOTPROVIDED;NOTPROVIDED;NOTPROVIDED;
Università di Roma Tre;In Codice Ratio: Machine Transcription of Medieval Manuscripts;https://www.inf.uniroma3.it/db/icr/;TRUE;FALSE;FALSE;FALSE;FALSE;;;FALSE;;FALSE;IRCDL;;;2018-05-15 05:52:03;2024-08-26 11:45:42;NOSTATUSCODE;https://web.archive.org/web/20240826114542/http://www.inf.uniroma3.it/db/icr/;NOTPROVIDED;NOTPROVIDED;NOTPROVIDED;
Università di Napoli Federico II;Illuminated Dante Project (IDP);https://www.dante.unina.it/ndp/public/frontend;TRUE;FALSE;FALSE;FALSE;FALSE;;;FALSE;;FALSE;AIUCD;;redirected a https://www.unive.it/pag/44465/;2024-11-10 21:13:11;2026-05-25 01:16:36;NOSTATUSCODE;https://web.archive.org/web/20260525011636/https://www.dante.unina.it/ndp/public/frontend;NOTPROVIDED;NOTPROVIDED;NOTPROVIDED;
Università di Napoli Federico II;Illuminated Dante Project;https://www.dante.unina.it/idp/public/frontend;TRUE;FALSE;FALSE;FALSE;FALSE;;;FALSE;;FALSE;Italian DH Institutions;;error 404;2024-06-20 11:35:23;2026-02-10 11:25:03;NOSTATUSCODE;https://web.archive.org/web/20260210112503/https://www.dante.unina.it/idp/public/frontend;NOTPROVIDED;NOTPROVIDED;NOTPROVIDED;
;Idilli di Giacomo Leopardi;https://leopardi.ecdosys.org/en/Home/;TRUE;FALSE;FALSE;FALSE;FALSE;;;;;;KNOT;http://purl.org/knot/data/idili-leopardi-project;;2024-05-09 13:23:46;2024-05-09 13:24:10;200;https://web.archive.org/web/20240509132410/http://leopardi.ecdosys.org/en/Home/;NOTPROVIDED;NOTPROVIDED;NOTPROVIDED;
I Tatti - The Harvard University. Center For Italian Renaissance Studies;I Tatti Digital Collection;https://collection.itatti.harvard.edu/;TRUE;FALSE;FALSE;FALSE;FALSE;;;FALSE;;FALSE;Italian DH Institutions;;https protocol not updated;2022-04-18 00:10:45;2025-01-14 21:06:06;200;https://web.archive.org/web/20250114210606/https://collection.itatti.harvard.edu/;NOTPROVIDED;NOTPROVIDED;NOTPROVIDED;
Università Ca' Foscari Venezia;I conti con la Storia: Le leggi razziali tra televisione e storiografia;http://www.iconticonlastoria.it;TRUE;FALSE;FALSE;FALSE;FALSE;;;FALSE;;FALSE;DH Awards;;;2021-01-08 14:32:52;2024-11-25 04:46:29;200;https://web.archive.org/web/20241125044629/https://iconticonlastoria.it/;NOTPROVIDED;NOTPROVIDED;NOTPROVIDED;
Università degli studi di Torino;Hyperpavese;https://www.hyperpavese.com/progetto.php;TRUE;FALSE;FALSE;FALSE;FALSE;;;FALSE;;FALSE;AIUCD;;sparql endpoint not accessible ;2021-10-24 10:18:42;2025-01-23 04:45:40;200;https://web.archive.org/web/20250123044540/https://www.hyperpavese.com/progetto.php;NOTPROVIDED;NOTPROVIDED;NOTPROVIDED;
Bibliotheca Hertziana;https://zuccaro.biblhertz.it/;https://zuccaro.biblhertz.it/;TRUE;FALSE;FALSE;FALSE;FALSE;;;FALSE;;FALSE;Italian DH Institutions;;showcase website (https://vision.artresearch.net/resource/start);2004-06-11 03:13:15;2026-04-11 21:47:42;200;https://web.archive.org/web/20260411214742/https://zuccaro.biblhertz.it/;NOTPROVIDED;NOTPROVIDED;NOTPROVIDED;
Bibliotheca Hertziana;Hertziana Rare Books Online;https://dlib.biblhertz.it/;TRUE;FALSE;FALSE;FALSE;FALSE;;;FALSE;;FALSE;Italian DH Institutions;;page not found;2018-02-16 05:56:40;2026-02-14 17:05:05;200;https://web.archive.org/web/20260214170505/https://dlib.biblhertz.it/;NOTPROVIDED;NOTPROVIDED;NOTPROVIDED;
Bibliotheca Hertziana;Heinrich Wölfflin;https://editions.humanitiesconnect.pub/exist/apps/hwgw/index.html;TRUE;FALSE;FALSE;FALSE;FALSE;;;FALSE;;FALSE;Italian DH Institutions;;;;;200;;NOTPROVIDED;NOTPROVIDED;NOTPROVIDED;
"Istituto di Linguistica Computazionale ""A. Zampolli"" (ILC-CNR)";Greek Schools;https://viewer.greekschools.eu/;TRUE;FALSE;FALSE;FALSE;FALSE;;https://www.ilc.cnr.it/progetti/greekschools-2/;TRUE;;FALSE;Italian DH Institutions;;;2023-11-02 07:28:30;2025-11-05 16:32:47;200;https://web.archive.org/web/20251105163247/https://viewer.greekschools.eu/;2023-06-09 18:22:52;2026-02-16 08:16:29;200;https://web.archive.org/web/20260216081629/https://www.ilc.cnr.it/progetti/greekschools-2/
"ILC-CNR; Università di Pisa";Greek into Arabic;http://www.greekintoarabic.eu/index0b30.html;TRUE;FALSE;FALSE;FALSE;FALSE;;;;;;KNOT;http://purl.org/knot/data/g2a-project;;2019-07-22 12:21:17;2026-02-13 01:11:26;NOSTATUSCODE;https://web.archive.org/web/20260213011126/http://www.greekintoarabic.eu/index0b30.html;NOTPROVIDED;NOTPROVIDED;NOTPROVIDED;
Kunsthistoriches Institut in Florenz;gigapixel images;https://virtualphotothek.khi.fi.it/gigapixel/;TRUE;FALSE;FALSE;FALSE;FALSE;;;FALSE;;FALSE;Italian DH Institutions;;;2022-08-31 15:41:18;2025-09-10 02:03:26;200;https://web.archive.org/web/20250910020326/https://virtualphotothek.khi.fi.it/gigapixel/;NOTPROVIDED;NOTPROVIDED;NOTPROVIDED;
Bibliotheca Hertziana;Gesture Atlas;https://biblhertz.github.io/atlas/;TRUE;FALSE;FALSE;FALSE;FALSE;;;FALSE;;FALSE;Italian DH Institutions;;error 404;2019-09-16 07:16:04;2025-11-16 09:34:28;200;https://web.archive.org/web/20251116093428/https://biblhertz.github.io/atlas/;NOTPROVIDED;NOTPROVIDED;NOTPROVIDED;
Università Ca' Foscari Venezia;Galleria Borghese;https://galleriaborghese.beniculturali.it/;TRUE;FALSE;FALSE;FALSE;FALSE;;;FALSE;;FALSE;Italian DH Institutions;;;2010-07-22 07:22:55;2026-02-09 16:39:12;NOSTATUSCODE;https://web.archive.org/web/20260209163912/https://galleriaborghese.beniculturali.it/;NOTPROVIDED;NOTPROVIDED;NOTPROVIDED;
ISTC-CNR;FRED - Machine Reading for the Semantic Web;http://wit.istc.cnr.it/stlab-tools/fred/;TRUE;FALSE;FALSE;FALSE;FALSE;;;;;;KNOT;http://purl.org/knot/data/fred-project;;2012-07-15 01:08:17;2025-09-24 17:16:36;200;https://web.archive.org/web/20250924171636/http://wit.istc.cnr.it/stlab-tools/fred/;NOTPROVIDED;NOTPROVIDED;NOTPROVIDED;
ISTC-CNR;framester;https://framester.github.io/;TRUE;FALSE;FALSE;FALSE;FALSE;;http://etna.istc.cnr.it/framester_web/;TRUE;;FALSE;Italian DH Institutions;;;2024-04-17 22:31:51;2025-11-11 05:41:46;200;https://web.archive.org/web/20251111054146/https://framester.github.io/;2022-10-07 03:05:03;2024-05-27 21:14:51;200;https://web.archive.org/web/20240527211451/http://etna.istc.cnr.it/framester_web/
Bibliotheca Hertziana;Foto;https://foto.biblhertz.it/;TRUE;FALSE;FALSE;FALSE;FALSE;;;FALSE;;FALSE;Italian DH Institutions;;;2008-01-15 21:23:31;2026-02-04 19:50:10;200;https://web.archive.org/web/20260204195010/https://foto.biblhertz.it/;NOTPROVIDED;NOTPROVIDED;NOTPROVIDED;
Fondazione Fava;Fondazione fava;https://www.fondazionefava.it/archivio-di-giuseppe-fava/;TRUE;FALSE;FALSE;FALSE;TRUE;;;FALSE;;FALSE;AIUCD;;;2023-09-30 07:02:51;2026-02-12 07:15:15;200;https://web.archive.org/web/20260212071515/https://www.fondazionefava.it/archivio-di-giuseppe-fava/;NOTPROVIDED;NOTPROVIDED;NOTPROVIDED;
Università di Pisa;Flos;http://iu.di.unipi.it/flos/;TRUE;FALSE;FALSE;FALSE;FALSE;;;FALSE;;FALSE;Italian DH Institutions;;;2019-12-07 05:03:59;2022-05-19 01:17:10;NOSTATUSCODE;https://web.archive.org/web/20220519011710/http://iu.di.unipi.it/flos/;NOTPROVIDED;NOTPROVIDED;NOTPROVIDED;
I Tatti - The Harvard University. Center For Italian Renaissance Studies;Florentine Drawings;https://florentinedrawings.itatti.harvard.edu/;TRUE;FALSE;FALSE;FALSE;FALSE;;;FALSE;;FALSE;Italian DH Institutions;;error 404 not found;2017-04-06 23:44:39;2025-07-01 02:26:23;200;https://web.archive.org/web/20250701022623/https://florentinedrawings.itatti.harvard.edu/;NOTPROVIDED;NOTPROVIDED;NOTPROVIDED;
;Europeana Eagle Project;https://www.eagle-network.eu/;TRUE;FALSE;FALSE;FALSE;FALSE;;;FALSE;;FALSE;Italian DH Institutions;;issues with Google Maps protocol;2013-01-28 03:32:48;2026-04-12 05:07:18;200;https://web.archive.org/web/20260412050718/https://www.eagle-network.eu/;NOTPROVIDED;NOTPROVIDED;NOTPROVIDED;
University La Sapienza;Establishing a Digital Library in Wide-Ranging University’s Context The Sapienza Digital Library Experience;https://sapienzadigitallibrary.uniroma1.it/index.php/;TRUE;FALSE;FALSE;FALSE;FALSE;;;FALSE;;FALSE;IRCDL;;;2024-08-07 05:28:00;2026-01-06 06:03:43;200;https://web.archive.org/web/20260106060343/https://sapienzadigitallibrary.uniroma1.it/index.php/;NOTPROVIDED;NOTPROVIDED;NOTPROVIDED;
Università di Bologna;Erbario di Aldovrandi;https://botanica.sma.unibo.it/aldrovandi/Explore;TRUE;FALSE;FALSE;FALSE;FALSE;;;FALSE;https://botanica.sma.unibo.it/;TRUE;AIUCD;;;2018-09-22 00:49:25;2026-03-12 10:15:41;200;https://web.archive.org/web/20260312101541/https://botanica.sma.unibo.it/aldrovandi/explore;NOTPROVIDED;NOTPROVIDED;NOTPROVIDED;
FBK - Fondazione Bruno Kessler;Epistolario De Gasperi;https://epistolariodegasperi.it/#/;TRUE;FALSE;FALSE;FALSE;TRUE;;;FALSE;;FALSE;Italian DH Institutions;;redirected https://alcidedigitale.fbk.eu/platform/;2019-05-09 14:20:35;2025-11-07 16:06:51;200;https://web.archive.org/web/20251107160651/https://epistolariodegasperi.it/;NOTPROVIDED;NOTPROVIDED;NOTPROVIDED;
FBK - Fondazione Bruno Kessler;Epistolario De Gasperi;https://www.epistolariodegasperi.it/#/archivio_digitale/lettere;TRUE;FALSE;FALSE;FALSE;FALSE;;;FALSE;www.epistolariodegasperi.it;TRUE;AIUCD;;;2019-05-09 14:20:35;2025-11-07 16:06:51;200;https://web.archive.org/web/20251107160651/https://epistolariodegasperi.it/;NOTPROVIDED;NOTPROVIDED;NOTPROVIDED;
"Università degli studi di Roma ""La Sapienza""";Epigraphic Database Roma (EDR);http://www.edr-edr.it/default/index.php;TRUE;FALSE;FALSE;FALSE;FALSE;;;;;;KNOT;http://purl.org/knot/data/edr-project;;2017-02-24 03:00:58;2026-03-06 09:01:09;200;https://web.archive.org/web/20260306090109/http://www.edr-edr.it/default/index.php;NOTPROVIDED;NOTPROVIDED;NOTPROVIDED;
ISTC-CNR;Epicum: Epigraphs of Castello Ursino Museum;http://epicum.istc.cnr.it/collezione/;TRUE;FALSE;FALSE;FALSE;FALSE;;;FALSE;;FALSE;Italian DH Institutions;;;2022-07-06 23:18:50;2026-01-17 23:27:44;200;https://web.archive.org/web/20260117232744/https://epicum.istc.cnr.it/collezione/;NOTPROVIDED;NOTPROVIDED;NOTPROVIDED;
Università di Siena;ELA - Eurasian Latin Archive;http://ela.unisi.it/;TRUE;FALSE;FALSE;FALSE;FALSE;;;;;;KNOT;http://purl.org/knot/data/ela-project;;2021-12-17 00:20:52;2025-12-16 22:02:39;200;https://web.archive.org/web/20251216220239/https://ela.unisi.it/;NOTPROVIDED;NOTPROVIDED;NOTPROVIDED;
Bibliotheca Hertziana;Eine römische Trilogie: Schudt, Caldana, Schlosser;https://dlib.biblhertz.it/guide/;TRUE;FALSE;FALSE;FALSE;FALSE;;;FALSE;;FALSE;Italian DH Institutions;;;;;200;;NOTPROVIDED;NOTPROVIDED;NOTPROVIDED;
"Università degli studi di Roma ""La Sapienza""";EDV -  Epigraphic Database Vernacular;http://www.edvcorpus.com/wp/;TRUE;FALSE;FALSE;FALSE;FALSE;;;;;;KNOT;http://purl.org/knot/data/edv-project;;2019-08-21 01:16:30;2025-01-24 19:19:27;NOSTATUSCODE;https://web.archive.org/web/20250124191927/http://www.edvcorpus.com/wp/;NOTPROVIDED;NOTPROVIDED;NOTPROVIDED;
Università di Bologna;edizione nazionale delle opere di aldo moro;https://aldomorodigitale.unibo.it/;TRUE;FALSE;FALSE;FALSE;FALSE;;;FALSE;;FALSE;Italian DH Institutions;;;2021-05-25 07:08:38;2025-11-19 18:49:45;200;https://web.archive.org/web/20251119184945/https://aldomorodigitale.unibo.it/;NOTPROVIDED;NOTPROVIDED;NOTPROVIDED;
Università di Bari;EDB: Knowledge Technologies for Ancient Greek and Latin Epigraphy;https://www.edb.uniba.it/;TRUE;FALSE;FALSE;FALSE;FALSE;;;FALSE;;FALSE;IRCDL;;Javascript issues;2004-10-14 18:23:51;2025-12-15 17:53:06;NOSTATUSCODE;https://web.archive.org/web/20251215175306/https://www.edb.uniba.it/;NOTPROVIDED;NOTPROVIDED;NOTPROVIDED;
"CNR - ISMED; Università Ca' Foscari Venezia";Ebla Digital Archives;http://ebda.cnr.it/;TRUE;FALSE;FALSE;FALSE;FALSE;;;FALSE;;FALSE;Italian DH Institutions;;;2018-11-30 12:18:25;2025-12-15 14:46:54;200;https://web.archive.org/web/20251215144654/http://ebda.cnr.it/;NOTPROVIDED;NOTPROVIDED;NOTPROVIDED;
"CNR - ISMED; Università Ca' Foscari Venezia";Ebla Digital Archives;http://ebda.cnr.it/index;TRUE;FALSE;FALSE;FALSE;FALSE;;;;;;KNOT;http://purl.org/knot/data/ebla-project;;2019-02-03 10:29:08;2024-09-26 17:51:32;200;https://web.archive.org/web/20240926175132/http://ebda.cnr.it/index;NOTPROVIDED;NOTPROVIDED;NOTPROVIDED;
;Eagle Project;https://www.eagle-network.eu/basic-search/;TRUE;FALSE;FALSE;FALSE;FALSE;;https://www.eagle-network.eu/basic-search/;FALSE;;FALSE;AIUCD;;;2016-03-07 22:59:33;2026-03-12 07:51:43;200;https://web.archive.org/web/20260312075143/https://www.eagle-network.eu/basic-search;2016-03-07 22:59:33;2026-03-12 07:51:43;200;https://web.archive.org/web/20260312075143/https://www.eagle-network.eu/basic-search
;e-rihs;https://www.e-rihs.eu/;TRUE;FALSE;FALSE;FALSE;FALSE;;;FALSE;;FALSE;Italian DH Institutions;;it's a tool;2016-05-08 05:12:07;2026-04-30 04:12:26;200;https://web.archive.org/web/20260430041226/https://www.e-rihs.eu/;NOTPROVIDED;NOTPROVIDED;NOTPROVIDED;
Università di Genova;DOGE Percorsi Digitali;https://doge.unige.net/;TRUE;FALSE;FALSE;FALSE;FALSE;;;;;;KNOT;http://purl.org/knot/data/doge-project;log-in required;2022-01-26 16:15:57;2026-03-25 19:59:14;200;https://web.archive.org/web/20260325195914/https://doge.unige.net/;NOTPROVIDED;NOTPROVIDED;NOTPROVIDED;
Kunsthistoriches Institut in Florenz;digitizing the die kirchen von siena project;https://sienaproject.khi.fi.it/;TRUE;FALSE;FALSE;FALSE;FALSE;;;FALSE;;FALSE;Italian DH Institutions;;showcase website;2022-08-11 05:58:59;2025-08-15 01:29:58;NOSTATUSCODE;https://web.archive.org/web/20250815012958/https://sienaproject.khi.fi.it/;NOTPROVIDED;NOTPROVIDED;NOTPROVIDED;
Kunsthistoriches Institut in Florenz;digital photothek;http://photothek.khi.fi.it/?Language=en;TRUE;FALSE;FALSE;FALSE;FALSE;;;FALSE;;FALSE;Italian DH Institutions;;;2015-03-29 05:01:44;2026-02-12 05:45:04;200;https://web.archive.org/web/20260212054504/https://photothek.khi.fi.it/?Language=en;NOTPROVIDED;NOTPROVIDED;NOTPROVIDED;
Università di Pavia;Digital Library Pavia;https://www.bibliotecadigitale.unipv.eu/;TRUE;FALSE;FALSE;FALSE;FALSE;;;;;;KNOT;http://purl.org/knot/data/digi-lib-pavia-project;;2020-12-18 07:55:58;2026-04-10 06:07:53;200;https://web.archive.org/web/20260410060753/https://www.bibliotecadigitale.unipv.eu/;NOTPROVIDED;NOTPROVIDED;NOTPROVIDED;
Università di Bologna;digital library (ficlit);https://dl.ficlit.unibo.it;TRUE;FALSE;FALSE;FALSE;FALSE;;;FALSE;;FALSE;Italian DH Institutions;;error 404;2022-06-19 03:17:07;2025-09-28 03:26:32;200;https://web.archive.org/web/20250928032632/https://dl.ficlit.unibo.it/;NOTPROVIDED;NOTPROVIDED;NOTPROVIDED;
Università del Piemonte Orientale;digilibLT: Biblioteca digitale di testi latini tardoantichi;http://www.digiliblt.unipmn.it/;TRUE;FALSE;FALSE;FALSE;TRUE;;;FALSE;;FALSE;DH Awards;;;2012-02-05 00:48:17;2026-03-07 17:25:01;200;https://web.archive.org/web/20260307172501/http://digiliblt.unipmn.it/;NOTPROVIDED;NOTPROVIDED;NOTPROVIDED;
Università del Piemonte Orientale;DigilibLT - Biblioteca digitale di testi latini tardoantichi;https://digiliblt.uniupo.it/index.php;TRUE;FALSE;FALSE;FALSE;FALSE;;;;;;KNOT;http://purl.org/knot/data/digiliblt-project;;2017-10-22 13:23:29;2025-09-10 10:10:33;NOSTATUSCODE;https://web.archive.org/web/20250910101033/https://digiliblt.uniupo.it/index.php;NOTPROVIDED;NOTPROVIDED;NOTPROVIDED;
"Istituto di Linguistica Computazionale ""A. Zampolli"" (ILC-CNR)";DIGESTO;https://dbtvm1.ilc.cnr.it/digesto/;TRUE;FALSE;FALSE;FALSE;FALSE;;;;;;KNOT;http://purl.org/knot/data/digesto-project;some links error 404;2019-07-13 12:05:57;2025-02-17 08:17:58;200;https://web.archive.org/web/20250217081758/http://dbtvm1.ilc.cnr.it/digesto/;NOTPROVIDED;NOTPROVIDED;NOTPROVIDED;
Università di Bologna;dhdkey!;https://projects.dharc.unibo.it/dhdkey/;TRUE;FALSE;FALSE;FALSE;FALSE;;;FALSE;;FALSE;Italian DH Institutions;;;2021-04-30 23:09:42;2025-11-05 08:48:23;200;https://web.archive.org/web/20251105084823/https://projects.dharc.unibo.it/dhdkey/;NOTPROVIDED;NOTPROVIDED;NOTPROVIDED;
Università di Macerata;DB allegorico dantesco;https://www.databaseallegoricodantesco.it/archivio.php;TRUE;FALSE;FALSE;FALSE;FALSE;;;FALSE;;FALSE;AIUCD;;;2023-12-06 20:06:23;2025-07-14 08:00:58;200;https://web.archive.org/web/20250714080058/https://www.databaseallegoricodantesco.it/archivio.php;NOTPROVIDED;NOTPROVIDED;NOTPROVIDED;
CNR;DASI: digital archive for the study of pre-islamic arabian inscriptions;https://dasi.cnr.it/;TRUE;FALSE;FALSE;FALSE;FALSE;;;FALSE;;FALSE;Italian DH Institutions;;;2018-12-20 23:04:20;2026-03-04 12:21:32;200;https://web.archive.org/web/20260304122132/https://dasi.cnr.it/;NOTPROVIDED;NOTPROVIDED;NOTPROVIDED;
Istituto ILIESI - CNR;Daphnet: Modern Philosophy;http://modernsource.daphnet.iliesi.cnr.it/;TRUE;FALSE;FALSE;FALSE;TRUE;;http://www.daphnet.iliesi.cnr.it/;TRUE;;FALSE;AIUCD;;;2022-10-01 13:30:27;2025-05-14 04:00:13;200;https://web.archive.org/web/20250514040013/http://modernsource.daphnet.iliesi.cnr.it/;2021-09-28 17:31:43;2025-12-21 20:12:35;200;https://web.archive.org/web/20251221201235/http://www.daphnet.iliesi.cnr.it/
Istituto ILIESI - CNR;Daphnet: Ancient Philosophy;http://ancientsource.daphnet.iliesi.cnr.it/;TRUE;FALSE;FALSE;FALSE;TRUE;;http://www.daphnet.iliesi.cnr.it/;TRUE;;FALSE;AIUCD;;;2022-09-24 20:41:09;2024-12-13 06:51:17;200;https://web.archive.org/web/20241213065117/http://ancientsource.daphnet.iliesi.cnr.it/;2021-09-28 17:31:43;2025-12-21 20:12:35;200;https://web.archive.org/web/20251221201235/http://www.daphnet.iliesi.cnr.it/
ISTI-CNR;DanteSources;https://dantesources.dantenetwork.it/index.html;TRUE;FALSE;FALSE;FALSE;FALSE;;;FALSE;;FALSE;Italian DH Institutions;;;2021-03-25 11:05:01;2025-12-04 23:51:02;NOSTATUSCODE;https://web.archive.org/web/20251204235102/https://dantesources.dantenetwork.it/index.html;NOTPROVIDED;NOTPROVIDED;NOTPROVIDED;
Università degli studi di Padova;Dante: A Web Application for the History of Art;https://dante.beniculturali.unipd.it/dante-web/;TRUE;FALSE;FALSE;FALSE;TRUE;;;FALSE;;FALSE;AIUCD;;there is no possibility to download datasets;2022-01-22 13:54:32;2025-03-22 10:52:43;200;https://web.archive.org/web/20250322105243/https://dante.beniculturali.unipd.it/dante-web/;NOTPROVIDED;NOTPROVIDED;NOTPROVIDED;
Università di Pisa;Dante Search;https://dantesearch.dantenetwork.it/;TRUE;FALSE;FALSE;FALSE;FALSE;;;;;;KNOT;http://purl.org/knot/data/dante-search-project;;2020-08-12 00:21:32;2025-12-01 14:14:50;NOSTATUSCODE;https://web.archive.org/web/20251201141450/https://dantesearch.dantenetwork.it/;NOTPROVIDED;NOTPROVIDED;NOTPROVIDED;
Kunsthistoriches Institut in Florenz;dante depicted: a commentary on image, text, and exegesis around the commedia;https://dante.khi.fi.it/;TRUE;FALSE;FALSE;FALSE;FALSE;;;FALSE;;FALSE;Italian DH Institutions;;;2023-03-09 09:56:49;2026-03-07 18:31:01;200;https://web.archive.org/web/20260307183101/https://dante.khi.fi.it/;NOTPROVIDED;NOTPROVIDED;NOTPROVIDED;
Università degli Studi di Firenze;Dal Libro alla Biblioteca (DaLiB);https://dalib.it/;TRUE;FALSE;FALSE;FALSE;FALSE;;;;;;KNOT;http://purl.org/knot/data/dalib-project;;2023-03-30 10:25:50;2026-03-07 12:16:02;200;https://web.archive.org/web/20260307121602/https://dalib.it/;NOTPROVIDED;NOTPROVIDED;NOTPROVIDED;
;Czech-IT! Linguistic corpus of native Czech and Slovak learners acquiring Italian language;https://czech-it.github.io/;TRUE;FALSE;FALSE;FALSE;FALSE;;;FALSE;;FALSE;AIUCD;;explore page not working;2022-01-19 21:30:45;2024-03-04 11:16:06;200;https://web.archive.org/web/20240304111606/https://czech-it.github.io/;NOTPROVIDED;NOTPROVIDED;NOTPROVIDED;
Ministero della Cultura;Culturaitalia, the Italian National Content Aggregator in Europeana;http://dati.culturaitalia.it/;TRUE;FALSE;FALSE;FALSE;FALSE;;;FALSE;;FALSE;IRCDL;;;2013-07-18 09:43:24;2026-04-17 21:01:54;200;https://web.archive.org/web/20260417210154/http://dati.culturaitalia.it/;NOTPROVIDED;NOTPROVIDED;NOTPROVIDED;
I Tatti - The Harvard University. Center For Italian Renaissance Studies;CRIA;https://cria.itatti.harvard.edu/;TRUE;FALSE;FALSE;FALSE;FALSE;;;FALSE;;FALSE;Italian DH Institutions;;;2018-03-29 22:44:05;2026-02-02 04:22:10;200;https://web.archive.org/web/20260202042210/https://cria.itatti.harvard.edu/;NOTPROVIDED;NOTPROVIDED;NOTPROVIDED;
Università di Siena;Corpus Rhythmorum Musicum;https://www.corimu.unisi.it/public/frontend/index;TRUE;FALSE;FALSE;FALSE;FALSE;;;;;;KNOT;http://purl.org/knot/data/corimu-project;;2021-07-25 00:28:35;2026-02-14 15:49:53;200;https://web.archive.org/web/20260214154953/https://www.corimu.unisi.it/public/frontend/index;NOTPROVIDED;NOTPROVIDED;NOTPROVIDED;
"Università di Bologna; Università degli studi di Torino";Corpus KIParla - L'italiano parlato e chi parla italiano;https://kiparla.it/;TRUE;FALSE;FALSE;FALSE;TRUE;;;;;;KNOT;http://purl.org/knot/data/kiparla-project;;2020-08-05 14:21:15;2026-01-06 15:28:56;200;https://web.archive.org/web/20260106152856/https://kiparla.it/;NOTPROVIDED;NOTPROVIDED;NOTPROVIDED;
Università di Bologna;Corago;http://corago.unibo.it/;TRUE;FALSE;FALSE;FALSE;FALSE;;;;;;KNOT;http://purl.org/knot/data/corago-project;;2013-10-05 19:43:16;2026-05-12 05:25:56;200;https://web.archive.org/web/20260512052556/https://corago.unibo.it/;NOTPROVIDED;NOTPROVIDED;NOTPROVIDED;
ILC-CNR;CoPhiLab: Collaborative and Cooperative Philology Lab;http://www.languagelibrary.eu/new_ewnui/;TRUE;FALSE;FALSE;FALSE;FALSE;;;FALSE;;FALSE;Italian DH Institutions;;;2017-06-12 00:33:27;2024-03-03 08:22:53;503;https://web.archive.org/web/20240303082253/http://www.languagelibrary.eu/new_ewnui/;NOTPROVIDED;NOTPROVIDED;NOTPROVIDED;
Bibliotheca Hertziana;Controcultura;https://echaurren.biblhertz.it/PE.html;TRUE;FALSE;FALSE;FALSE;FALSE;;;FALSE;;FALSE;Italian DH Institutions;;;2021-08-03 22:56:58;2025-05-17 03:00:39;200;https://web.archive.org/web/20250517030039/https://echaurren.biblhertz.it/PE.html;NOTPROVIDED;NOTPROVIDED;NOTPROVIDED;
;Confluenze;https://confluenze.dev/;TRUE;FALSE;FALSE;FALSE;FALSE;;;FALSE;;FALSE;Italian DH Institutions;;showcase website;2024-04-18 17:03:56;2025-07-14 19:58:23;200;https://web.archive.org/web/20250714195823/http://confluenze.dev/;NOTPROVIDED;NOTPROVIDED;NOTPROVIDED;
Università di Cagliari;Colonizzazioni interne e Migrazioni;https://storia.dh.unica.it/colonizzazioninterne/;TRUE;FALSE;FALSE;FALSE;FALSE;;;;;;KNOT;http://purl.org/knot/data/col-interne-project;redirect, then site unreachable;2021-09-28 03:40:17;2026-03-15 20:08:33;200;https://web.archive.org/web/20260315200833/https://storia.dh.unica.it/colonizzazioninterne/;NOTPROVIDED;NOTPROVIDED;NOTPROVIDED;
Biblioteca Ambrosiana;Codex Atlanticus: exploring the largest exhisting collection of writings and drawings of Leonardo Da Vinci;https://codex-atlanticus.ambrosiana.it/#/;TRUE;FALSE;FALSE;FALSE;FALSE;;;FALSE;;FALSE;Italian DH Institutions;;;2022-06-21 22:27:33;2026-04-14 17:13:56;200;https://web.archive.org/web/20260414171356/http://codex-atlanticus.ambrosiana.it/;NOTPROVIDED;NOTPROVIDED;NOTPROVIDED;
Università del Piemonte Orientale;CO.COR (COMPLIMENT CORPUS);http://www.cocor.eu/index.php;TRUE;FALSE;FALSE;FALSE;TRUE;;;;;;KNOT;http://purl.org/knot/data/cocor-project;;2019-07-20 18:40:10;2025-08-08 01:36:37;200;https://web.archive.org/web/20250808013637/http://www.cocor.eu/index.php;NOTPROVIDED;NOTPROVIDED;NOTPROVIDED;
"Società italiana di musicologia; Répertoire international des sources musicales; Istituto italiano per la storia della musica; Università degli studi di Roma Tor Vergata; Centro Studi sulla Cantata Italiana (CSCI).";Clori - archivio della cantata italiana;https://cantataitaliana.it/;TRUE;FALSE;FALSE;FALSE;FALSE;;;;;;KNOT;http://purl.org/knot/data/clori-project;;2011-10-30 09:03:36;2026-03-02 04:33:50;200;https://web.archive.org/web/20260302043350/https://www.cantataitaliana.it/;NOTPROVIDED;NOTPROVIDED;NOTPROVIDED;
Università degli studi di Torino;Classici Dse (EVT viewer);https://www.classici-dse.com/;TRUE;FALSE;FALSE;FALSE;FALSE;;;FALSE;;FALSE;Italian DH Institutions;;;2021-11-29 17:14:15;2025-02-11 02:39:32;NOSTATUSCODE;https://web.archive.org/web/20250211023932/http://classici-dse.com/;NOTPROVIDED;NOTPROVIDED;NOTPROVIDED;
Università di Pisa;CLaSSES - Corpus for Latin Sociolinguistic Studies on Epigraphic textS;https://classes-latin-linguistics.fileli.unipi.it/en;TRUE;FALSE;FALSE;FALSE;FALSE;;;;;;KNOT;http://purl.org/knot/data/classes-project;;2020-10-23 21:57:04;2025-12-16 09:22:38;NOSTATUSCODE;https://web.archive.org/web/20251216092238/https://classes-latin-linguistics.fileli.unipi.it/en;NOTPROVIDED;NOTPROVIDED;NOTPROVIDED;
Bibliotheca Hertziana;Cipro;https://cipro.biblhertz.it/;TRUE;FALSE;FALSE;FALSE;FALSE;;;FALSE;;FALSE;Italian DH Institutions;;;2021-06-24 15:55:38;2025-10-09 18:03:04;200;https://web.archive.org/web/20251009180304/https://cipro.biblhertz.it/;NOTPROVIDED;NOTPROVIDED;NOTPROVIDED;
Università di Genova;Catalogus Philologorum Classicorum (CPhCl);http://www.aristarchus.unige.net/CPhCl/en/Home;TRUE;FALSE;FALSE;FALSE;FALSE;;;;;;KNOT;http://purl.org/knot/data/cphci-project;error 404 not found;2017-09-28 12:52:45;2026-01-25 05:52:15;NOSTATUSCODE;https://web.archive.org/web/20260125055215/http://www.aristarchus.unige.net/CPhCl/en/Home;NOTPROVIDED;NOTPROVIDED;NOTPROVIDED;
Università di Bologna;catalogue;https://projects.dharc.unibo.it/knot/;TRUE;FALSE;FALSE;FALSE;FALSE;;;FALSE;;FALSE;Italian DH Institutions;;;2024-12-13 04:18:48;2026-03-09 12:18:34;200;https://web.archive.org/web/20260309121834/https://projects.dharc.unibo.it/knot/;NOTPROVIDED;NOTPROVIDED;NOTPROVIDED;
;CASPAR: Cultural, Artistic and Scientific Knowledge for Preservation, Access and Retrieval;https://www.casparpreserves.eu/caspar-project.html#:~:text=CASPAR%20%2D%20Cultural%2C%20Artistic%20and%20Scientific,cultural%20and%20scientific%20resources%22).;TRUE;FALSE;FALSE;FALSE;FALSE;;;FALSE;;FALSE;IRCDL;;some visualizations and filters are not working correctly;2011-01-30 05:51:19;2025-08-08 01:58:42;200;https://web.archive.org/web/20250808015842/https://www.casparpreserves.eu/caspar-project.html;NOTPROVIDED;NOTPROVIDED;NOTPROVIDED;
ISPC-CNR;Carteggio Ricci digital library;http://carteggiodiguerra.cnr.it/;TRUE;FALSE;FALSE;FALSE;FALSE;;;;;;KNOT;http://purl.org/knot/data/carteggio-ricci-project;;2022-09-23 22:41:30;2025-12-15 21:09:59;200;https://web.archive.org/web/20251215210959/http://carteggiodiguerra.cnr.it/;NOTPROVIDED;NOTPROVIDED;NOTPROVIDED;
Università degli studi di Firenze;Carte d'autore online;https://www.cartedautore.it/;TRUE;FALSE;FALSE;FALSE;FALSE;;;;;;KNOT;http://purl.org/knot/data/carte-autore-project;;2014-08-10 17:00:39;2026-05-02 20:28:41;200;https://web.archive.org/web/20260502202841/https://www.cartedautore.it/;NOTPROVIDED;NOTPROVIDED;NOTPROVIDED;
Università degli studi di Padova;Carlo Goldoni;https://www.carlogoldoni.it/public/;TRUE;FALSE;FALSE;FALSE;FALSE;;;;;;KNOT;http://purl.org/knot/data/goldoni-drammi-project;showcase website;2016-08-22 06:09:15;2026-03-08 20:42:39;200;https://web.archive.org/web/20260308204239/https://www.carlogoldoni.it/public/;NOTPROVIDED;NOTPROVIDED;NOTPROVIDED;
"Università degli studi di Roma ""La Sapienza""";Bradypus;https://bdus.cloud/;TRUE;FALSE;FALSE;FALSE;TRUE;;;;;;KNOT;http://purl.org/knot/data/bradypus-project;site unreachable;2021-03-28 16:33:24;2024-12-08 06:44:57;200;https://web.archive.org/web/20241208064457/https://bdus.cloud/;NOTPROVIDED;NOTPROVIDED;NOTPROVIDED;
Università Ca' Foscari Venezia;Biflow: catalogo bilingue;https://catalogobiflow.vedph.it/;TRUE;FALSE;FALSE;FALSE;FALSE;;;FALSE;;FALSE;Italian DH Institutions;;;2021-06-29 08:01:26;2025-08-13 21:18:49;200;https://web.archive.org/web/20250813211849/https://catalogobiflow.vedph.it/;NOTPROVIDED;NOTPROVIDED;NOTPROVIDED;
"Università degli studi di Roma ""La Sapienza""";Biblioteca Italiana;http://www.bibliotecaitaliana.it/;TRUE;FALSE;FALSE;FALSE;FALSE;;;;;;KNOT;http://purl.org/knot/data/bib-ita-project;;2002-07-20 08:09:21;2026-03-22 18:58:54;200;https://web.archive.org/web/20260322185854/http://www.bibliotecaitaliana.it/;NOTPROVIDED;NOTPROVIDED;NOTPROVIDED;
Università di Cagliari;Biblioteca Informatica dei Libri di Famiglia;https://bilf.ipertesti.it/;TRUE;FALSE;FALSE;FALSE;FALSE;;;FALSE;;FALSE;Italian DH Institutions;;;2022-09-30 20:26:19;2025-08-12 16:34:42;200;https://web.archive.org/web/20250812163442/https://bilf.ipertesti.it/;NOTPROVIDED;NOTPROVIDED;NOTPROVIDED;
ISTC-CNR;Bellini corrispondenza;http://bellinicorrespondence.cnr.it/;TRUE;FALSE;FALSE;FALSE;FALSE;;;FALSE;;FALSE;AIUCD;;;2022-01-20 21:32:38;2026-03-16 02:20:20;200;https://web.archive.org/web/20260316022020/https://bellinicorrespondence.cnr.it/;NOTPROVIDED;NOTPROVIDED;NOTPROVIDED;
I Tatti - The Harvard University. Center For Italian Renaissance Studies;Belle Greene;https://bellegreene.itatti.harvard.edu/;TRUE;FALSE;FALSE;FALSE;TRUE;;;FALSE;;FALSE;Italian DH Institutions;;it shows 2 demo;2023-08-20 23:24:18;2026-01-01 13:39:57;200;https://web.archive.org/web/20260101133957/https://bellegreene.itatti.harvard.edu/;NOTPROVIDED;NOTPROVIDED;NOTPROVIDED;
Università di Cagliari;Atlante Storia MArittima della SArdegna;https://storia.dh.unica.it/asmsa/it;TRUE;FALSE;FALSE;FALSE;FALSE;;;;;;KNOT;http://purl.org/knot/data/asmsa-project;;2024-02-21 05:58:46;2026-01-20 19:01:49;200;https://web.archive.org/web/20260120190149/https://storia.dh.unica.it/asmsa/it;NOTPROVIDED;NOTPROVIDED;NOTPROVIDED;
"Istituto di Linguistica Computazionale ""A. Zampolli"" (ILC-CNR)";Atlante Lessicale Toscano;http://serverdbt.ilc.cnr.it/ALTWEB;TRUE;FALSE;FALSE;FALSE;FALSE;;;;;;KNOT;http://purl.org/knot/data/alt-project;;2007-07-27 12:07:23;2025-09-30 07:08:28;200;https://web.archive.org/web/20250930070828/http://serverdbt.ilc.cnr.it/ALTWEB;NOTPROVIDED;NOTPROVIDED;NOTPROVIDED;
Università degli studi di Padova;ASIt: Atlante Sintattico d’Italia;http://svrims2.dei.unipd.it:8080/asit-maldura/pages/search.jsp;TRUE;FALSE;FALSE;FALSE;TRUE;;http://asit.maldura.unipd.it/;TRUE;;FALSE;AIUCD;;;2013-12-16 00:21:39;2026-01-22 13:29:16;200;https://web.archive.org/web/20260122132916/http://svrims2.dei.unipd.it:8080/asit-maldura/pages/search.jsp;2011-05-01 22:38:39;2025-09-10 19:39:19;200;https://web.archive.org/web/20250910193919/http://asit.maldura.unipd.it/
OVI-CNR;Artesia;http://artesia.ovi.cnr.it/;TRUE;FALSE;FALSE;FALSE;FALSE;;;FALSE;;FALSE;Italian DH Institutions;;;2013-01-22 01:20:04;2025-09-10 18:22:36;200;https://web.archive.org/web/20250910182236/http://artesia.ovi.cnr.it/;NOTPROVIDED;NOTPROVIDED;NOTPROVIDED;
Università di Bologna;artchives - the inventory of art historians’ archives;http://artchives.fondazionezeri.unibo.it/;TRUE;FALSE;FALSE;FALSE;FALSE;;;FALSE;;FALSE;Italian DH Institutions;;;2020-11-28 13:54:26;2024-05-20 09:33:29;NOSTATUSCODE;https://web.archive.org/web/20240520093329/http://artchives.fondazionezeri.unibo.it/;NOTPROVIDED;NOTPROVIDED;NOTPROVIDED;
ISTC-CNR;arco;http://wit.istc.cnr.it/arco/index.php?lang=en;TRUE;FALSE;FALSE;FALSE;FALSE;;;FALSE;;FALSE;Italian DH Institutions;;;2019-07-26 10:04:19;2026-02-11 06:35:13;200;https://web.archive.org/web/20260211063513/http://wit.istc.cnr.it/arco/index.php?lang=en;NOTPROVIDED;NOTPROVIDED;NOTPROVIDED;
;Archivio Università Castrense;https://archivio.universitacastrense.eu/;TRUE;FALSE;FALSE;FALSE;TRUE;;;FALSE;;FALSE;AIUCD;;;2019-08-28 10:33:59;2026-03-08 20:54:13;200;https://web.archive.org/web/20260308205413/https://archivio.universitacastrense.eu/;NOTPROVIDED;NOTPROVIDED;NOTPROVIDED;
"Università degli studi di Torino; Teche Rai.";Archivio Musicale dell'Orchestra Sinfonica Nazionale della Rai;http://www.osn.teche.rai.it/Default.aspx;TRUE;FALSE;FALSE;FALSE;FALSE;;;;;;KNOT;http://purl.org/knot/data/rai-orchestra-project;;2016-09-05 16:31:30;2026-03-06 20:51:06;200;https://web.archive.org/web/20260306205106/http://www.osn.teche.rai.it/Default.aspx;NOTPROVIDED;NOTPROVIDED;NOTPROVIDED;
Università Ca' Foscari Venezia;Archivio fonti orali;https://pric.unive.it/progetti/archivio-fonti-orali/home;TRUE;FALSE;FALSE;FALSE;FALSE;;;FALSE;;FALSE;Italian DH Institutions;;;2021-02-28 04:06:39;2026-02-18 22:01:06;200;https://web.archive.org/web/20260218220106/https://pric.unive.it/progetti/archivio-fonti-orali/home;NOTPROVIDED;NOTPROVIDED;NOTPROVIDED;
"Istituto di Linguistica Computazionale ""A. Zampolli"" (ILC-CNR)";Archivio Elettronico delle Opere di Carlo Emilio Gadda;http://dbtvm1.ilc.cnr.it/Gadda/;TRUE;FALSE;FALSE;FALSE;TRUE;;;;;;KNOT;http://purl.org/knot/data/gadda-archive-project;;2024-05-22 08:54:38;2025-05-16 01:56:28;200;https://web.archive.org/web/20250516015628/http://dbtvm1.ilc.cnr.it/Gadda/;NOTPROVIDED;NOTPROVIDED;NOTPROVIDED;
Università di Cagliari;Archivio digitale del Risorgimento in Sardegna;https://storia.dh.unica.it/archiviodigitalerisorgimento/;TRUE;FALSE;FALSE;FALSE;FALSE;;;;;;KNOT;http://purl.org/knot/data/archivio-risorgimento-sardegna-project;;2020-09-24 14:44:16;2026-03-12 13:15:03;200;https://web.archive.org/web/20260312131503/https://storia.dh.unica.it/archiviodigitalerisorgimento/;NOTPROVIDED;NOTPROVIDED;NOTPROVIDED;
"Università degli studi di Roma ""La Sapienza""; Università Cattolica del Sacro Cuore del Sacro Cuore; Università degli studi di Torino; Università degli studi di Padova; Università degli Studi di Urbino Carlo Bo; Università degli studi della Tuscia; Università degli studi di Bergamo; Royal Netherlands Institute in Rome.";Archilet - archivio delle corrispondenze letterarie di età moderna;http://www.archilet.it/;TRUE;FALSE;FALSE;FALSE;FALSE;;;;;;KNOT;http://purl.org/knot/data/archilet-project;;2012-10-11 01:01:05;2026-03-12 03:48:53;200;https://web.archive.org/web/20260312034853/https://www.archilet.it/;NOTPROVIDED;NOTPROVIDED;NOTPROVIDED;
Accademia della Crusca;ArchiDATA - Archivio di (retro)datazioni lessicali;https://www.archidata.info/;TRUE;FALSE;FALSE;FALSE;FALSE;;;;;;KNOT;http://purl.org/knot/data/archidata-project;;2013-05-08 11:20:09;2025-12-05 08:58:06;200;https://web.archive.org/web/20251205085806/https://www.archidata.info/;NOTPROVIDED;NOTPROVIDED;NOTPROVIDED;
Università di Bologna;AMS Historica Unibo;https://historica.unibo.it/;TRUE;FALSE;FALSE;FALSE;FALSE;;;;;;KNOT;http://purl.org/knot/data/ams-historica-project;;2023-02-06 03:22:12;2026-05-04 10:50:38;200;https://web.archive.org/web/20260504105038/https://historica.unibo.it/;NOTPROVIDED;NOTPROVIDED;NOTPROVIDED;
Università di Catania;Alpion;https://alpion.unict.it;TRUE;FALSE;FALSE;FALSE;FALSE;;;FALSE;;FALSE;Italian DH Institutions;;;2022-01-20 22:55:43;2024-06-17 13:29:19;200;https://web.archive.org/web/20240617132919/http://alpion.unict.it/;NOTPROVIDED;NOTPROVIDED;NOTPROVIDED;
Università di Verona;Alpilink;https://alpilink.it/ascoltaeesplora/;TRUE;FALSE;FALSE;FALSE;FALSE;;;FALSE;;FALSE;Italian DH Institutions;;;2023-09-12 06:07:50;2026-02-16 23:50:32;200;https://web.archive.org/web/20260216235032/https://alpilink.it/ascoltaeesplora/;NOTPROVIDED;NOTPROVIDED;NOTPROVIDED;
Università di Siena;ALIM Archivio della Latinità Italiana del Medioevo;http://alim.unisi.it/;TRUE;FALSE;FALSE;FALSE;FALSE;;;;;;KNOT;http://purl.org/knot/data/alim-project;;2019-01-01 20:52:37;2026-03-05 22:40:28;200;https://web.archive.org/web/20260305224028/https://alim.unisi.it/;NOTPROVIDED;NOTPROVIDED;NOTPROVIDED;
"Università degli studi di Roma ""La Sapienza""; Università Cattolica del Sacro Cuore; Università Roma Tre";ALI Autografi dei Letterati Italiani;http://www.autografi.net/it/;TRUE;FALSE;FALSE;FALSE;FALSE;;;;;;KNOT;http://purl.org/knot/data/ali-project;;2017-10-22 06:23:17;2025-12-13 22:07:24;200;https://web.archive.org/web/20251213220724/http://www.autografi.net/it/;NOTPROVIDED;NOTPROVIDED;NOTPROVIDED;
"Università di Parma; Università di Bologna; Università di Pavia; Università degli studi di Roma ""La Sapienza""; Università degli studi di Milano";Alessandro Manzoni;https://www.alessandromanzoni.org;TRUE;FALSE;FALSE;FALSE;FALSE;;;FALSE;;FALSE;Italian DH Institutions;;;2011-04-25 12:47:05;2026-03-17 13:12:37;200;https://web.archive.org/web/20260317131237/https://www.alessandromanzoni.org/;NOTPROVIDED;NOTPROVIDED;NOTPROVIDED;
FBK - Fondazione Bruno Kessler;Alcide Digitale;https://alcidedigitale.fbk.eu/platform/;TRUE;FALSE;FALSE;FALSE;TRUE;;;FALSE;;FALSE;Italian DH Institutions;;;2021-10-24 19:10:43;2025-01-19 09:34:22;200;https://web.archive.org/web/20250119093422/http://alcidedigitale.fbk.eu/platform;NOTPROVIDED;NOTPROVIDED;NOTPROVIDED;
ISTI-CNR;Alchimia di Jackson Pollock / Jackson Pollock: Alchemy in 3D;;TRUE;FALSE;FALSE;FALSE;FALSE;;http://vcg.isti.cnr.it/alchemy/;TRUE;;FALSE;DH Awards;;;NOTPROVIDED;NOTPROVIDED;NOTPROVIDED;;2015-04-06 03:33:55;2025-11-01 08:22:55;200;https://web.archive.org/web/20251101082255/http://vcg.isti.cnr.it/alchemy/
CNR;AGLIO Atlante Grammaticale della Lingua Italiana delle Origini;http://aglio.ovi.cnr.it/index.php;TRUE;FALSE;FALSE;FALSE;FALSE;;;;;;KNOT;http://purl.org/knot/data/aglio-project;;2020-08-13 11:52:35;2026-02-14 23:44:59;200;https://web.archive.org/web/20260214234459/http://aglio.ovi.cnr.it/index.php;NOTPROVIDED;NOTPROVIDED;NOTPROVIDED;
Bibliotheca Hertziana;Abruzzen und Molise;https://db.biblhertz.it/abruzzo/index.xml;TRUE;FALSE;FALSE;FALSE;FALSE;;;FALSE;;FALSE;Italian DH Institutions;;;2015-12-23 17:19:12;2025-11-04 09:04:24;200;https://web.archive.org/web/20251104090424/http://db.biblhertz.it/abruzzo/index.xml;NOTPROVIDED;NOTPROVIDED;NOTPROVIDED;
ISTI-CNR;A Software Architecture for Narratives;https://dlnarratives.eu/narratives.html;TRUE;FALSE;FALSE;FALSE;FALSE;;;FALSE;;FALSE;IRCDL;;;2020-03-04 02:32:14;2025-12-18 14:05:42;NOSTATUSCODE;https://web.archive.org/web/20251218140542/https://dlnarratives.eu/narratives.html;NOTPROVIDED;NOTPROVIDED;NOTPROVIDED;
Università di Bologna;A Multi-layer Digital Library for Mediaeval Legal Manuscripts (Mosaico project);http://mosaico.cirsfid.unibo.it/;TRUE;FALSE;FALSE;FALSE;TRUE;;;FALSE;;FALSE;IRCDL;;;2013-05-08 14:14:18;2026-01-28 23:00:13;200;https://web.archive.org/web/20260128230013/http://mosaico.cirsfid.unibo.it/;NOTPROVIDED;NOTPROVIDED;NOTPROVIDED;
Università degli studi di Padova;A Contribution for the Dissemination of Cultural Heritage Content to a Wider Public;http://ipsa.ipsa-project.org/;TRUE;FALSE;FALSE;FALSE;TRUE;;http://ipsa.ipsa-project.org/;TRUE;;FALSE;IRCDL;;;2022-01-22 13:54:05;2022-01-22 13:54:05;200;https://web.archive.org/web/20220122135405/http://ipsa.ipsa-project.org/;2022-01-22 13:54:05;2022-01-22 13:54:05;200;https://web.archive.org/web/20220122135405/http://ipsa.ipsa-project.org/
ISTI-CNR;3DHOP: 3D Heritage Online Presenter;http://vcg.isti.cnr.it/3dhop/;TRUE;FALSE;FALSE;FALSE;FALSE;;;FALSE;;FALSE;DH Awards;;;2014-06-05 09:33:38;2025-12-24 09:29:03;200;https://web.archive.org/web/20251224092903/http://vcg.isti.cnr.it/3dhop/;NOTPROVIDED;NOTPROVIDED;NOTPROVIDED;
;3d icons;http://3dicons.ceti.gr/;TRUE;FALSE;FALSE;FALSE;TRUE;;;FALSE;;FALSE;Italian DH Institutions;;;2014-09-08 02:09:58;2025-11-07 14:26:21;200;https://web.archive.org/web/20251107142621/http://3dicons.ceti.gr/;NOTPROVIDED;NOTPROVIDED;NOTPROVIDED;
ICCU - Istituto centrale per il catalogo unico delle biblioteche italiane e le informazioni bibliografiche;14-18 Documenti e immagini della Grande Guerra;http://www.14-18.it/progetto;TRUE;FALSE;FALSE;FALSE;FALSE;;;FALSE;;FALSE;AIUCD;;;2018-12-20 19:56:09;2026-03-12 16:59:24;200;https://web.archive.org/web/20260312165924/http://www.14-18.it/progetto;NOTPROVIDED;NOTPROVIDED;NOTPROVIDED;
SISMEL;I LUOGHI DELLA CULTURA IN TOSCANA FINO AL 1325;https://atlas.mirabileweb.it/atlas;TRUE;FALSE;FALSE;FALSE;FALSE;;;FALSE;;FALSE;AIUCD;;;2023-06-05 04:07:28;2023-06-05 04:07:57;200;https://web.archive.org/web/20230605040757/http://atlas.mirabileweb.it/atlas;NOTPROVIDED;NOTPROVIDED;NOTPROVIDED;
Università di Siena;Archivio della Latinità Italiana del Medioevo;http://en.alim.unisi.it/dl/fonti_documentarie;TRUE;FALSE;FALSE;FALSE;TRUE;;;FALSE;;FALSE;AIUCD;;;2017-10-21 04:10:58;2024-10-12 22:56:20;200;https://web.archive.org/web/20241012225620/https://en.alim.unisi.it/dl/fonti_documentarie;NOTPROVIDED;NOTPROVIDED;NOTPROVIDED;
;D4Science: Infrastructure to Support the Definition and Operation of Virtual Research Environments;https://www.d4science.org/;TRUE;FALSE;FALSE;FALSE;FALSE;;;FALSE;;FALSE;IRCDL;;;2008-02-08 12:48:11;2026-03-16 08:47:01;200;https://web.archive.org/web/20260316084701/https://www.d4science.org/;NOTPROVIDED;NOTPROVIDED;NOTPROVIDED;
Società Dantesca Italiana;Dante Online;http://www.danteonline.it/italiano/home_ita.asp;TRUE;FALSE;FALSE;;;;;;;;Catalogue Digital Editions;;;2002-10-02 22:44:06;2025-12-14 02:55:16;200;https://web.archive.org/web/20251214025516/http://www.danteonline.it/italiano/home_ita.asp;NOTPROVIDED;NOTPROVIDED;NOTPROVIDED;
Università di Pavia;I testimoni della Vita Nova;http://vitanova.unipv.it/;TRUE;FALSE;FALSE;;;;;;;;Catalogue Digital Editions;;;2005-04-12 11:55:39;2025-03-25 19:11:18;200;https://web.archive.org/web/20250325191118/http://vitanova.unipv.it/;NOTPROVIDED;NOTPROVIDED;NOTPROVIDED;
Archivio di Stato di Prato;Datini, Lettere;http://datini.archiviodistato.prato.it/la-ricerca/le-edizioni-delle-lettere#n;TRUE;FALSE;FALSE;;;;;;;;Catalogue Digital Editions;;;2014-08-16 05:19:48;2026-05-04 07:24:08;200;https://web.archive.org/web/20260504072408/http://datini.archiviodistato.prato.it/la-ricerca/le-edizioni-delle-lettere;NOTPROVIDED;NOTPROVIDED;NOTPROVIDED;
Max Planck Institute for the History of Science;Galileo Galilei's Notes on Motion;http://www.mpiwg-berlin.mpg.de/Galileo_Prototype/MAIN.HTM;TRUE;FALSE;FALSE;;;;;;;;Catalogue Digital Editions;;;1998-07-03 07:09:39;2026-02-20 11:35:26;200;https://web.archive.org/web/20260220113526/https://www.mpiwg-berlin.mpg.de/Galileo_Prototype/MAIN.HTM;NOTPROVIDED;NOTPROVIDED;NOTPROVIDED;
"Scuola Normale Superiore di Pisa; Bildarchiv Foto Marburg";Jacob Burckhardt;https://burckhardtsource.org/;TRUE;FALSE;FALSE;;;;;;;;Catalogue Digital Editions;;;2013-05-06 10:00:06;2026-03-17 11:28:35;200;https://web.archive.org/web/20260317112835/https://burckhardtsource.org/;NOTPROVIDED;NOTPROVIDED;NOTPROVIDED;
;L’Orlando Furioso e la sua traduzione in immagini;http://www.orlandofurioso.org/;FALSE;TRUE;FALSE;;;;;;;;Catalogue Digital Editions;;;2013-05-11 02:34:32;2021-05-06 07:24:39;NOSTATUSCODE;https://web.archive.org/web/20210506072439/http://orlandofurioso.org/;NOTPROVIDED;NOTPROVIDED;NOTPROVIDED;
Istituto di Teoria e Tecniche dell’Informazione Giuridica (ITTIG-CNR);Bibliotheca Iuris Antiqui (BIA);http://www.ittig.cnr.it;TRUE;FALSE;FALSE;;;;;;;;Catalogue Digital Editions;;;2002-08-03 13:37:54;2026-04-02 16:59:11;200;https://web.archive.org/web/20260402165911/https://www.ittig.cnr.it/;NOTPROVIDED;NOTPROVIDED;NOTPROVIDED;
Università di Bologna;Vespasiano da Bisticci, Lettere;http://vespasianodabisticciletters.unibo.it;TRUE;FALSE;FALSE;;;;;;;;Catalogue Digital Editions;;;2014-05-18 02:20:53;2026-04-10 23:56:04;200;https://web.archive.org/web/20260410235604/https://vespasianodabisticciletters.unibo.it/;NOTPROVIDED;NOTPROVIDED;NOTPROVIDED;
Università Statale di Milano;Italy ELT Archive;https://italy-elt-archive.unimi.it/ ;TRUE;FALSE;FALSE;;;;;;;;IRCDL;;;2024-11-15 02:43:29;2026-02-11 18:20:08;200;https://web.archive.org/web/20260211182008/https://italy-elt-archive.unimi.it/;NOTPROVIDED;NOTPROVIDED;NOTPROVIDED;
Centro del restauro di Venaria;Archivio digitale Venaria;https://www.centrorestaurovenaria.it/archivio-digitale-ccr/ ;TRUE;FALSE;FALSE;;;;;;;;AIUCD;;;2024-10-26 02:59:27;2024-11-10 21:24:23;200;https://web.archive.org/web/20241110212423/https://www.centrorestaurovenaria.it/archivio-digitale-ccr/;NOTPROVIDED;NOTPROVIDED;NOTPROVIDED;
Università di Lubiana;LORIS;https://www.jeziknaklik.it/loris/ ;TRUE;FALSE;FALSE;;;;;;;;AIUCD;;;2024-05-04 12:23:49;2026-01-09 07:22:03;200;https://web.archive.org/web/20260109072203/https://www.jeziknaklik.it/loris/;NOTPROVIDED;NOTPROVIDED;NOTPROVIDED;
Università Federico II di Napoli;Magic;https://www.magic.unina.it/ ;TRUE;FALSE;FALSE;;;;;;;;AIUCD;;;2024-07-31 07:58:46;2026-01-20 07:10:30;200;https://web.archive.org/web/20260120071030/https://www.magic.unina.it/;NOTPROVIDED;NOTPROVIDED;NOTPROVIDED;
Fondazione Giannino Bassetti;Centro Documentazione Bassetti;https://centrodocumentazione.fondazionebassetti.org/ ;TRUE;FALSE;FALSE;;;;;;;;AIUCD;;;2025-04-05 00:08:30;2026-03-09 18:56:12;200;https://web.archive.org/web/20260309185612/https://centrodocumentazione.fondazionebassetti.org/;NOTPROVIDED;NOTPROVIDED;NOTPROVIDED;
Università di Bologna;Carteggio Canneti Fiacchi;https://esdcarteggiocannetifiacchi.unibo.it/#/imgTxt?d=DLCL_CF_E10001&p=DLCL_CF_E10001_L_C1R ;TRUE;FALSE;FALSE;;;;;;;;AIUCD;;;2025-03-07 09:49:07;2025-07-01 10:44:11;200;https://web.archive.org/web/20250701104411/https://esdcarteggiocannetifiacchi.unibo.it/;NOTPROVIDED;NOTPROVIDED;NOTPROVIDED;
Università di Salerno;Limina;https://limina.dantelimina.it/ ;TRUE;FALSE;FALSE;;;;;;;;AIUCD;;;2025-06-12 23:47:05;2025-09-09 10:04:14;200;https://web.archive.org/web/20250909100414/http://limina.dantelimina.it/;NOTPROVIDED;NOTPROVIDED;NOTPROVIDED;
Università di Salerno;Dante Limina;https://dantelimina.it/matrix/public/ ;TRUE;FALSE;FALSE;;;;;;;;AIUCD;;;2025-06-12 23:49:02;2026-03-14 19:38:50;200;https://web.archive.org/web/20260314193850/https://dantelimina.it/matrix/public/;NOTPROVIDED;NOTPROVIDED;NOTPROVIDED;
Università di Salerno;Dante;https://dante.dantelimina.it/home ;TRUE;FALSE;FALSE;;;;;;;;AIUCD;;;2025-06-12 23:50:58;2025-06-13 01:01:30;200;https://web.archive.org/web/20250613010130/https://dante.dantelimina.it/home/;NOTPROVIDED;NOTPROVIDED;NOTPROVIDED;
Parco Archeologico di Siracusa;Taccuini di Paolo Orsi;https://app.transkribus.org/sites/taccuini-paolo-orsi ;TRUE;FALSE;FALSE;;;;;;;;AIUCD;;;2024-11-30 06:15:22;2025-06-13 02:05:14;200;https://web.archive.org/web/20250613020514/http://app.transkribus.org/sites/taccuini-paolo-orsi;NOTPROVIDED;NOTPROVIDED;NOTPROVIDED;
;Glottolab;https://glottolab.z6.web.core.windows.net/ ;TRUE;FALSE;FALSE;;;;;;;;AIUCD;;;2025-06-13 01:33:59;2025-06-13 02:18:25;200;https://web.archive.org/web/20250613021825/https://glottolab.z6.web.core.windows.net/;NOTPROVIDED;NOTPROVIDED;NOTPROVIDED;
Università Statale di Milano;Liita;https://www.liita.it ;TRUE;FALSE;FALSE;;;;;;;;AIUCD;;;2024-04-23 16:10:22;2026-03-14 01:49:26;200;https://web.archive.org/web/20260314014926/https://www.liita.it/;NOTPROVIDED;NOTPROVIDED;NOTPROVIDED;
;CHIt;https://chit.chitontove.it/risorse ;TRUE;FALSE;FALSE;;;;;;;;AIUCD;;digital library images do not load correctly;2025-06-13 00:08:54;2025-06-13 00:18:25;200;https://web.archive.org/web/20250613001825/http://chit.chitontove.it/risorse;NOTPROVIDED;NOTPROVIDED;NOTPROVIDED;
Università di Bologna;uniVOCittà;https://univocitta.github.io/UniVOCItta/ ;TRUE;FALSE;FALSE;;;;;;;;AIUCD;;;2025-06-13 00:49:57;2025-06-13 02:03:04;200;https://web.archive.org/web/20250613020304/https://univocitta.github.io/UniVOCItta/;NOTPROVIDED;NOTPROVIDED;NOTPROVIDED;
