Titolo,URL progetto,Sito funzionante,Sito non trovato,Sito non funzionante,Sito non reinderizzato,Sito parzialmente Inacessibile,Sito dopo migrazione,URL sito vetrina,URL sito vetrina risolve?,URL Anticamera,URL Anticamera risolve?,Provenance,KNOT URI,NOTE,URL progetto First_Seen,URL progetto Last_Seen,URL progetto Status_Code,URL progetto Last_URL_Snapshot,URL sito vetrina First_Seen,URL sito vetrina Last_Seen,URL sito vetrina Status_Code,URL sito vetrina Last_URL_Snapshot
VOCABO,,False,True,False,False,False,,https://www.treccani.it/magazine/lingua_italiana/speciali/VocaBO/2_Pani.html,True,,False,Italian DH Institutions,,,NOTPROVIDED,NOTPROVIDED,NOTPROVIDED,,2024-10-20 22:10:06,2024-10-20 22:10:06,200,https://web.archive.org/web/20241020221006/http://www.treccani.it/magazine/lingua_italiana/speciali/VocaBO/2_Pani.html
Varianti della rosa,,False,True,False,False,False,,https://www.variantidellarosa.it/,True,,False,AIUCD,,,NOTPROVIDED,NOTPROVIDED,NOTPROVIDED,,2021-12-22 15:28:02,2026-02-09 14:12:01,200,https://web.archive.org/web/20260209141201/https://www.variantidellarosa.it/
university research funding patent,,False,True,False,False,False,,https://dh.fbk.eu/2020/11/university-research-funding-patenting-and-technological-impact/,True,,False,Italian DH Institutions,,,NOTPROVIDED,NOTPROVIDED,NOTPROVIDED,,2020-11-25 05:24:29,2026-01-14 10:58:16,200,https://web.archive.org/web/20260114105816/https://dh.fbk.eu/2020/11/university-research-funding-patenting-and-technological-impact/
"TrebleCLEF: Evaluation, Best Practices and Collaboration for Multilingual Access",https://www.multimatch.org/,False,False,True,False,False,,https://www.trebleclef.eu/,True,,False,IRCDL,,,2006-06-23 00:53:49,2024-11-02 12:28:27,NOSTATUSCODE,https://web.archive.org/web/20241102122827/http://multimatch.org/,2008-03-14 23:03:49,2024-07-10 09:16:36,200,https://web.archive.org/web/20240710091636/https://www.trebleclef.eu/
TRANSSCRIPT,,False,True,False,False,False,,https://anr.fr/Project-ANR-14-CE31-0022,True,,False,AIUCD,,protocollo https non aggiornato,NOTPROVIDED,NOTPROVIDED,NOTPROVIDED,,,,200,
"Toward an Audio Digital Library 2.0: SMASH, a Social Music Archive of SHellac Phonographic Discs",https://avires.dimi.uniud.it/tmp/DL/Experimental_Results.html,False,False,True,False,False,,,False,,False,IRCDL,,protocollo https non aggiornato,2024-04-15 09:19:38,2024-04-15 09:19:38,404,https://web.archive.org/web/20240415091938/http://avires.dimi.uniud.it/tmp/DL/Experimental_Results.html,NOTPROVIDED,NOTPROVIDED,NOTPROVIDED,
The Sound of St Mark's,http://vmo.unive.it/choirbooks/,False,False,True,False,False,,,,,,KNOT,http://purl.org/knot/data/sound-stmark-project,,2018-05-02 09:01:48,2024-07-23 23:58:09,NOSTATUSCODE,https://web.archive.org/web/20240723235809/http://vmo.unive.it/choirbooks/,NOTPROVIDED,NOTPROVIDED,NOTPROVIDED,
The nuncio's secret archives,,True,False,False,False,False,,https://nsa.unipr.it,True,,False,Italian DH Institutions,,,NOTPROVIDED,NOTPROVIDED,NOTPROVIDED,,2022-01-17 01:58:32,2025-12-20 00:41:35,200,https://web.archive.org/web/20251220004135/http://www.nsa.unipr.it/
"The European Project OpenUP: OPENing UP new Methods, Indicators and Tools for Peer Review, Impact Measurement and Dissemination of Research Results",https://www.openuphub.eu/,False,False,True,False,False,,,False,,False,IRCDL,,Adobe Flash Player,2017-06-05 00:00:23,2024-12-03 20:49:24,NOSTATUSCODE,https://web.archive.org/web/20241203204924/https://www.openuphub.eu/,NOTPROVIDED,NOTPROVIDED,NOTPROVIDED,
The digital lab of “crunched books”: explore and annotate the classics,http://cbook.it/en/,False,False,True,False,False,,,False,,False,DH Awards,,,2015-02-22 12:00:23,2024-01-19 14:03:36,NOSTATUSCODE,https://web.archive.org/web/20240119140336/http://www.cbook.it/en,NOTPROVIDED,NOTPROVIDED,NOTPROVIDED,
"The Challenges of Building Ex Libris Rosetta, a Digital Preservation System",https://exlibrisgroup.com/products/rosetta-digital-asset-management-and-preservation/,False,False,True,True,False,https://knowledge.exlibrisgroup.com/Rosetta,,False,,False,IRCDL,,protocollo https non aggiornato,2018-02-03 22:25:00,2026-03-05 12:02:12,403,https://web.archive.org/web/20260305120212/https://www.exlibrisgroup.com/products/rosetta-digital-asset-management-and-preservation/,NOTPROVIDED,NOTPROVIDED,NOTPROVIDED,
Tebtynis: fragmentary voices from the past,http://www.papirologia.unipr.it/ricerca/CPGM/index.html,False,False,False,True,False,http://www.papirologia.unipr.it/ricerca/tebtynis.html,,False,,False,Italian DH Institutions,,,,,404,,NOTPROVIDED,NOTPROVIDED,NOTPROVIDED,
studiolo belfiore,https://studiolobelfiore.unibo.it/,True,False,False,True,False,https://framelab.unibo.it/vt/studiolodibelfiore/Studiolo%20di%20Belfiore.html,,,,,KNOT,http://purl.org/knot/data/belfiore-project,,2024-01-03 14:45:05,2026-01-19 03:09:38,200,https://web.archive.org/web/20260119030938/https://studiolobelfiore.unibo.it/,NOTPROVIDED,NOTPROVIDED,NOTPROVIDED,
śivadharma database,,False,True,False,False,False,,https://shivadharmaproject.com/the-sivadhama-infrastructure-modeling-a-web-application-for-managing-scholarly-data/,True,,False,Italian DH Institutions,,ricerca per parole non va,NOTPROVIDED,NOTPROVIDED,NOTPROVIDED,,2025-05-19 12:30:03,2025-05-19 12:30:03,200,https://web.archive.org/web/20250519123003/https://shivadharmaproject.com/the-sivadhama-infrastructure-modeling-a-web-application-for-managing-scholarly-data/
SACHER: Smart Architecture for Cultural Heritage in Emilia Romagna,http://www.sacherproject.com/,False,False,True,False,False,,,False,,False,IRCDL,,,2018-04-26 17:11:48,2024-04-24 14:26:06,NOSTATUSCODE,https://web.archive.org/web/20240424142606/http://www.sacherproject.com/,NOTPROVIDED,NOTPROVIDED,NOTPROVIDED,
ROADS,,False,True,False,False,False,,https://csc.dei.unipd.it/roads-project/index.html,True,,False,Italian DH Institutions,,404 page not found,NOTPROVIDED,NOTPROVIDED,NOTPROVIDED,,2024-11-25 04:00:06,2024-11-25 04:00:06,200,https://web.archive.org/web/20241125040006/https://csc.dei.unipd.it/roads-project/index.html
Regional Research Portal FVG: an OpenScience portal,https://research.unityfvg.it/,True,False,True,False,False,,,False,,False,IRCDL,,,2022-01-28 02:16:16,2024-03-29 04:03:44,200,https://web.archive.org/web/20240329040344/https://research.unityfvg.it/,NOTPROVIDED,NOTPROVIDED,NOTPROVIDED,
Ramusio,http://virgo.unive.it/ecf-workflow/books/Ramusio/main/intro.html,False,False,True,False,False,,,,,,KNOT,http://purl.org/knot/data/elec-ramusio-project,,2015-08-29 08:43:51,2023-10-28 17:41:44,NOSTATUSCODE,https://web.archive.org/web/20231028174144/http://virgo.unive.it/ecf-workflow/books/Ramusio/main/intro.html,NOTPROVIDED,NOTPROVIDED,NOTPROVIDED,
Progetto TraMonti,http://www.tramontivaldivara.it/,False,False,True,True,False,https://tramonti.labcd.unipi.it/,,False,,False,DH Awards,,protocollo https non aggiornato,2013-02-03 03:21:43,2019-01-24 01:51:51,NOSTATUSCODE,https://web.archive.org/web/20190124015151/http://www.tramontivaldivara.it/,NOTPROVIDED,NOTPROVIDED,NOTPROVIDED,
Predicting the Usability of the Dice CAPTCHA via Artificial Neural Network,https://sites.google.com/site/sites/system/errors/WebspaceNotFound?path=%2Falessiaamelio%2F+software-tools%2Fdice-captcha-dataset.,False,False,False,False,False,,,False,,False,IRCDL,,,,,200,,NOTPROVIDED,NOTPROVIDED,NOTPROVIDED,
Petrarca itinera,https://petrarchsitinera.github.io/,False,False,True,False,False,,,False,,True,AIUCD,,,,,404,,NOTPROVIDED,NOTPROVIDED,NOTPROVIDED,
Personalization in Digital Libraries: An Intelligent Service based on Semantic User Profiles,http://193.204.187.223:8080/iswc rebuild/,False,False,False,False,False,,,False,,False,IRCDL,,,NOTPROVIDED,NOTPROVIDED,NOTPROVIDED,,NOTPROVIDED,NOTPROVIDED,NOTPROVIDED,
PedeCerto - metrica latina digitale,https://www.pedecerto.eu/public/,False,False,False,True,False,https://www.pedecerto.eu/,,,,,KNOT,http://purl.org/knot/data/pedecerto-project,,2019-12-15 10:50:38,2025-11-05 06:19:26,412,https://web.archive.org/web/20251105061926/http://www.pedecerto.eu/public/,NOTPROVIDED,NOTPROVIDED,NOTPROVIDED,
Parthenos Project,,False,True,False,False,False,,http://www.parthenos-project.eu/,True,,False,Italian DH Institutions,,,NOTPROVIDED,NOTPROVIDED,NOTPROVIDED,,2015-03-08 19:46:22,2026-03-19 04:52:35,200,https://web.archive.org/web/20260319045235/http://www.parthenos-project.eu/
Open Philology Project,http://openphilology.org/,False,False,True,False,False,,,False,,False,AIUCD,,protocollo https non aggiornato,2013-07-04 09:44:11,2025-07-10 02:25:15,200,https://web.archive.org/web/20250710022515/http://openphilology.org/,NOTPROVIDED,NOTPROVIDED,NOTPROVIDED,
NumET,https://nuovomedioevo.it/numet-2/,False,False,True,False,False,,,False,,False,DH Awards,,,,,200,,NOTPROVIDED,NOTPROVIDED,NOTPROVIDED,
Musisque Deoque: Un archivio digitale di poesia latina,https://www.mqdq.it,True,False,False,False,False,,,False,,False,Italian DH Institutions,,problemi con alcuni caricamenti,,,NOSTATUSCODE,,NOTPROVIDED,NOTPROVIDED,NOTPROVIDED,
MultiMatch: A New Way to Access Cultural Heritage Information across Media and Language Boundaries,http://multimatch01.isti.cnr.it/,False,False,True,False,False,,http://www.multimatch.eu/,True,,False,IRCDL,,,,,NOSTATUSCODE,,,,NOSTATUSCODE,
MaximHum,,False,True,False,False,False,,https://maximhum.fileli.unipi.it/,True,,False,AIUCD,,,NOTPROVIDED,NOTPROVIDED,NOTPROVIDED,,,,NOSTATUSCODE,
Marchio Angeli’s Inventory,http://vmo.unive.it/inventory1720/,False,False,True,False,False,,,,,,KNOT,http://purl.org/knot/data/marchio-angeli-project,,,,NOSTATUSCODE,,NOTPROVIDED,NOTPROVIDED,NOTPROVIDED,
Lemlat,,False,False,False,False,False,,http://www.lemlat3.eu/,True,,False,Italian DH Institutions,,accedere con credenziali,NOTPROVIDED,NOTPROVIDED,NOTPROVIDED,,,,NOSTATUSCODE,
Historical Digital Archive and Geo-referenced Contents of the Francigena Librari Web Portal,http://www.francigena.beniculturali.it/web/valit/il-progetto,False,False,False,True,False,https://www.viefrancigene.org/,,False,,False,IRCDL,,non è possibile visualizzare metadati né i testi che vogliono mostrare. Download non possibile.,,,NOSTATUSCODE,,NOTPROVIDED,NOTPROVIDED,NOTPROVIDED,
GRASPOS,,False,True,False,False,False,,https://graspos.eu/,True,,False,Italian DH Institutions,,,NOTPROVIDED,NOTPROVIDED,NOTPROVIDED,,,,NOSTATUSCODE,
Galassia Ariosto,http://galassiaariosto.sns.it/,False,False,True,False,False,,,False,,False,DH Awards,,,,,NOSTATUSCODE,,NOTPROVIDED,NOTPROVIDED,NOTPROVIDED,
FrancoBuffoni,,False,True,False,False,False,,https://www.francobuffoni.it/,True,,False,AIUCD,,,NOTPROVIDED,NOTPROVIDED,NOTPROVIDED,,,,NOSTATUSCODE,
Exploring Semantic Archival Collections: The Case of Piłsudski Institute of America,http://arkivo-ontology.org/,False,False,False,True,False,https://github.com/ArkivoTeam/ARKIVO,,False,,False,IRCDL,,,,,NOSTATUSCODE,,NOTPROVIDED,NOTPROVIDED,NOTPROVIDED,
Epigraphs of Castello Ursino Museum,,False,True,False,False,False,,http://epicum.istc.cnr.it/,True,,False,AIUCD,,non va protocollo javascript,NOTPROVIDED,NOTPROVIDED,NOTPROVIDED,,,,NOSTATUSCODE,
Emodsar,http://corpora.unica.it/TEITOK/emodsar,False,False,True,False,False,,,False,,False,AIUCD,,,,,NOSTATUSCODE,,NOTPROVIDED,NOTPROVIDED,NOTPROVIDED,
Elisa Chimenti,,False,True,True,False,False,,,False,https://www.elisachimenti.org/accueildef.html,False,AIUCD,,protocollo https non aggiornato,NOTPROVIDED,NOTPROVIDED,NOTPROVIDED,,NOTPROVIDED,NOTPROVIDED,NOTPROVIDED,
EdMuse,https://edmuse.eu/edmuse-platform/,False,False,True,False,False,,http://edmuse.eu/it/index.html,False,,False,Italian DH Institutions,,,,,NOSTATUSCODE,,,,NOSTATUSCODE,
EDF,http://edf.unive.it/,False,False,True,False,False,,,False,,False,Italian DH Institutions,,,,,NOSTATUSCODE,,NOTPROVIDED,NOTPROVIDED,NOTPROVIDED,
Ecodigit,https://ecodigit.dtclazio.it/,False,False,True,False,False,,https://dtclazio.it/progetto-ecodigit,True,,False,AIUCD,,,,,NOSTATUSCODE,,,,NOSTATUSCODE,
CWALM,,False,True,False,False,False,,https://cwalm.ilc.cnr.it/,True,,False,Italian DH Institutions,,,NOTPROVIDED,NOTPROVIDED,NOTPROVIDED,,,,NOSTATUSCODE,
Creta Inscriptions,https://ilc4clarin.ilc.cnr.it/cretaninscriptions,True,False,True,False,False,,,False,,False,Italian DH Institutions,,,,,NOSTATUSCODE,,NOTPROVIDED,NOTPROVIDED,NOTPROVIDED,
Corago LOD,http://corago.unibo.it/lod,True,False,False,True,False,http://coragolod1.ing.unibo.it:8080/corago/,,,,,KNOT,http://purl.org/knot/data/corago-lod-project,,,,NOSTATUSCODE,,NOTPROVIDED,NOTPROVIDED,NOTPROVIDED,
CLEF Ad-hoc: A Perspective on the Evolution of the Cross-Language Evaluation Forum,http://ims.dei.unipd.it/gridclef/,False,False,True,False,False,,,False,,False,IRCDL,,,,,NOSTATUSCODE,,NOTPROVIDED,NOTPROVIDED,NOTPROVIDED,
Clavius Correspondence,http://claviusontheweb.it/lod,False,False,True,False,False,,,False,,False,AIUCD,,,,,NOSTATUSCODE,,NOTPROVIDED,NOTPROVIDED,NOTPROVIDED,
BelliniInRete,,False,True,False,False,False,,http://bellininrete.istc.cnr.it/,True,,False,AIUCD,,impossibile raggiungere il sito,NOTPROVIDED,NOTPROVIDED,NOTPROVIDED,,,,NOSTATUSCODE,
Atlas,https://dh-atlas.github.io/deliverables.html,False,True,False,False,False,,,False,,False,Italian DH Institutions,,,,,NOSTATUSCODE,,NOTPROVIDED,NOTPROVIDED,NOTPROVIDED,
Archivio ViVo,,False,True,False,False,False,,https://www.clarin-it.it/it/content/archivio-vivo,True,,False,Italian DH Institutions,,page not found,NOTPROVIDED,NOTPROVIDED,NOTPROVIDED,,,,NOSTATUSCODE,
Archivio storico fotografico Adolfo Venturi,https://digilab.uniroma1.it/risorse/archivio-storico-fotografico,False,False,True,False,False,,,False,,False,Italian DH Institutions,,,,,NOSTATUSCODE,,NOTPROVIDED,NOTPROVIDED,NOTPROVIDED,
Archilochus,,False,True,False,False,False,,https://www.clarin.eu/content/archilochus-paros-elegiac-fragments-xml-archive,True,,False,Italian DH Institutions,,,NOTPROVIDED,NOTPROVIDED,NOTPROVIDED,,,,NOSTATUSCODE,
Archaide,http://www.archaide.eu/,True,False,False,False,False,,,,,,KNOT,http://purl.org/knot/data/archaide-project,è necessario avere delle credenziali,,,NOSTATUSCODE,,NOTPROVIDED,NOTPROVIDED,NOTPROVIDED,
Annote: A Serious Game for Medical Students to Approach Lesion Skin Images of a Digital Library,https://imagelab.ing.unimore.it/annoteProject,False,False,True,False,False,,,False,,False,IRCDL,,,,,404,,NOTPROVIDED,NOTPROVIDED,NOTPROVIDED,
An IT Support for an Exhibition of Illuminated Manuscripts,https://ipsa.dei.unipd.it/,False,True,False,True,False,https://ipsa.beniculturali.unipd.it/ipsa-web/?null=null&language=it,,False,,False,IRCDL,,,2013-01-17 08:22:14,2021-03-02 15:44:47,NOSTATUSCODE,https://web.archive.org/web/20210302154447/http://ipsa.dei.unipd.it/,NOTPROVIDED,NOTPROVIDED,NOTPROVIDED,
AMiGre,,False,True,False,False,False,,http://amigre.upatras.gr/,True,,False,AIUCD,,,NOTPROVIDED,NOTPROVIDED,NOTPROVIDED,,2017-08-08 07:50:57,2026-03-12 18:52:55,200,https://web.archive.org/web/20260312185255/https://amigre.upatras.gr/
A Research Tool for the ERC-Funded EMoBookTrade project,http://emobooktrade.uniud.it/,False,False,False,True,False,https://emobooktrade.unimi.it/,,False,,False,IRCDL,,,2018-04-30 07:23:23,2019-09-13 09:25:14,NOSTATUSCODE,https://web.archive.org/web/20190913092514/http://emobooktrade.uniud.it:80/,NOTPROVIDED,NOTPROVIDED,NOTPROVIDED,
zeri e lode,http://data.fondazionezeri.unibo.it/,True,False,False,False,True,,,False,,False,Italian DH Institutions,,,2016-06-20 13:45:22,2025-10-04 10:47:34,200,https://web.archive.org/web/20251004104734/http://data.fondazionezeri.unibo.it/,NOTPROVIDED,NOTPROVIDED,NOTPROVIDED,
Yashiro,https://yashiro.itatti.harvard.edu/,True,False,False,False,False,,,False,,False,Italian DH Institutions,,pagina non trovata,2015-07-15 00:33:15,2026-02-16 04:30:05,200,https://web.archive.org/web/20260216043005/https://yashiro.itatti.harvard.edu/,NOTPROVIDED,NOTPROVIDED,NOTPROVIDED,
XDOCS: an Application to Index Historical Documents,https://aimagelab.ing.unimore.it/imagelab/project.asp?idprogetto=59,True,False,False,False,True,,,False,,False,IRCDL,,,2020-08-09 05:50:23,2026-02-17 11:33:16,200,https://web.archive.org/web/20260217113316/https://aimagelab.ing.unimore.it/imagelab/project.asp?idProgetto=59,NOTPROVIDED,NOTPROVIDED,NOTPROVIDED,
Word formation latin,https://progetti.unicatt.it/progetti-milan-wfl-home,True,False,False,False,False,,http://wfl.marginalia.it,True,,False,Italian DH Institutions,,,2016-06-15 21:24:21,2025-05-22 22:52:28,200,https://web.archive.org/web/20250522225228/https://progetti.unicatt.it/progetti-milan-wfl-home,2017-04-21 18:29:28,2026-03-06 05:37:47,200,https://web.archive.org/web/20260306053747/https://wfl.marginalia.it/
WissensGeschichte,https://wissensgeschichte.biblhertz.it/Glossario,True,False,False,False,False,,,False,,False,Italian DH Institutions,,,2006-05-09 17:16:27,2025-02-09 17:59:32,200,https://web.archive.org/web/20250209175932/https://wissensgeschichte.biblhertz.it/Glossario,NOTPROVIDED,NOTPROVIDED,NOTPROVIDED,
WaCky - The Web-As-Corpus Kool Yinitiative,https://wacky.sslmit.unibo.it/,True,False,False,False,False,,,,,,KNOT,http://purl.org/knot/data/wacky-project,,2005-03-05 22:32:52,2026-02-19 17:46:17,200,https://web.archive.org/web/20260219174617/http://wacky.sslmit.unibo.it/,NOTPROVIDED,NOTPROVIDED,NOTPROVIDED,
virtual repository of photographers' sales catalogues,https://virtualphotothek.khi.fi.it/catalogues/publisher,True,False,False,False,False,,,False,,False,Italian DH Institutions,,,,,200,,NOTPROVIDED,NOTPROVIDED,NOTPROVIDED,
Venice Squeeze Project,https://www.e-stampages.eu/s/e-stampages/page/accueil,False,False,False,True,False,https://pric.unive.it/progetti/venice-squeeze-project/home,,False,,False,Italian DH Institutions,,,2019-02-20 07:22:29,2026-02-15 05:39:58,NOSTATUSCODE,https://web.archive.org/web/20260215053958/https://www.e-stampages.eu/s/e-stampages/page/accueil,NOTPROVIDED,NOTPROVIDED,NOTPROVIDED,
"VASTO - VArchi, STOria FIORENTINA",https://dharc-org.github.io/progetto-vasto/index.html,True,False,False,False,False,,,,,,KNOT,http://purl.org/knot/data/vasto-project,,2022-08-14 15:12:28,2025-11-18 19:11:15,200,https://web.archive.org/web/20251118191115/https://dharc-org.github.io/progetto-vasto/index.html,NOTPROVIDED,NOTPROVIDED,NOTPROVIDED,
vasto,https://dharc-org.github.io/progetto-vasto/,True,False,False,False,False,,,False,,False,Italian DH Institutions,,,2020-09-10 09:59:42,2025-07-10 08:30:14,200,https://web.archive.org/web/20250710083014/https://dharc-org.github.io/progetto-vasto/,NOTPROVIDED,NOTPROVIDED,NOTPROVIDED,
Varianti all’opera,https://www.variantiallopera.it/public/,True,False,False,False,False,,,,,,KNOT,http://purl.org/knot/data/varianti-opera-project,,2016-11-02 13:04:48,2026-01-16 20:11:24,200,https://web.archive.org/web/20260116201124/https://www.variantiallopera.it/public/,NOTPROVIDED,NOTPROVIDED,NOTPROVIDED,
Urbs,https://dlib.biblhertz.it/urbs,True,False,False,False,False,,,False,,False,Italian DH Institutions,,,2024-07-30 11:16:26,2025-05-13 13:11:48,200,https://web.archive.org/web/20250513131148/https://dlib.biblhertz.it/urbs/,NOTPROVIDED,NOTPROVIDED,NOTPROVIDED,
Upgrading History. Diaries from the War Front,https://projects.dharc.unibo.it/uhdw/,True,False,False,False,False,,,False,,False,Italian DH Institutions,,,2019-06-28 11:12:06,2026-01-07 06:09:46,200,https://web.archive.org/web/20260107060946/http://projects.dharc.unibo.it/uhdw/,NOTPROVIDED,NOTPROVIDED,NOTPROVIDED,
Unione Donne in Italia: digital library,https://archiviodigitale.udinazionale.org/,True,False,False,False,False,,,False,,False,Italian DH Institutions,,,2018-06-02 23:33:13,2026-03-02 17:48:49,200,https://web.archive.org/web/20260302174849/https://archiviodigitale.udinazionale.org/,NOTPROVIDED,NOTPROVIDED,NOTPROVIDED,
Tree of philosophers,https://treeofphilosophers.it/labels,True,False,False,False,False,,,False,,False,AIUCD,,,2024-12-13 04:56:27,2024-12-13 04:56:27,404,https://web.archive.org/web/20241213045627/http://treeofphilosophers.it/labels,NOTPROVIDED,NOTPROVIDED,NOTPROVIDED,
The Vercelli Book,http://vbd.humnet.unipi.it/beta2/,True,False,False,False,False,,,False,,False,Italian DH Institutions,,alcune immagini non vengono caricate,2016-03-26 12:43:08,2025-10-05 23:19:43,NOSTATUSCODE,https://web.archive.org/web/20251005231943/http://vbd.humnet.unipi.it/beta2/,NOTPROVIDED,NOTPROVIDED,NOTPROVIDED,
The TRAME Project - Text and Manuscript Transmission of the Middle Ages in Europe,http://git-trame.fefonlus.it/,True,False,False,False,False,,,False,,False,IRCDL,,,2017-06-18 21:58:04,2026-03-15 17:29:33,200,https://web.archive.org/web/20260315172933/http://git-trame.fefonlus.it/,NOTPROVIDED,NOTPROVIDED,NOTPROVIDED,
The medieval kingdom of Sicily: image database,https://koseodiah.org/mapofkingdom.php,True,False,False,False,True,,,False,,False,Italian DH Institutions,,"è stato internalizzato, forse, dal 2020 e ci si può accedere con VPN (forse)",2025-01-21 09:59:23,2025-01-21 09:59:23,200,https://web.archive.org/web/20250121095923/https://koseodiah.org/mapofkingdom.php,NOTPROVIDED,NOTPROVIDED,NOTPROVIDED,
The Medieval Kingdom of Sicily Image Database,https://koseodiah.org/index.php,True,False,False,False,False,,,False,,False,AIUCD,,,2023-11-04 02:17:11,2025-05-27 08:32:57,200,https://web.archive.org/web/20250527083257/https://koseodiah.org/index.php,NOTPROVIDED,NOTPROVIDED,NOTPROVIDED,
The Medici Archive Project,http://bia.medici.org/,True,False,False,False,True,,,False,,False,DH Awards,,,2012-12-31 16:41:31,2026-01-26 01:22:17,200,https://web.archive.org/web/20260126012217/http://bia.medici.org/,NOTPROVIDED,NOTPROVIDED,NOTPROVIDED,
The Falconieri Project,https://falconieri.medici.org/Mia/LoginUser.do,True,False,False,False,True,,,False,,False,Italian DH Institutions,,richiede registrazione,2020-10-25 22:19:50,2022-03-08 06:39:52,200,https://web.archive.org/web/20220308063952/https://falconieri.medici.org/Mia/LoginUser.do,NOTPROVIDED,NOTPROVIDED,NOTPROVIDED,
The Biographical Dictionary of Friulans -“Nuovo Liruti” On-Line,https://www.dizionariobiograficodeifriulani.it/,True,False,False,False,False,,,False,,False,IRCDL,,,2017-04-06 20:16:37,2026-04-30 02:31:14,200,https://web.archive.org/web/20260430023114/https://www.dizionariobiograficodeifriulani.it/,NOTPROVIDED,NOTPROVIDED,NOTPROVIDED,
The AstroBID: Preserving and Sharing the Italian Astronomical Heritage.,www.beniculturali.inaf.it,True,False,False,False,False,,,False,,False,IRCDL,,,2015-12-26 09:35:52,2026-04-15 07:52:02,200,https://web.archive.org/web/20260415075202/https://www.beniculturali.inaf.it/,NOTPROVIDED,NOTPROVIDED,NOTPROVIDED,
The Archivio dei Possessori of the Biblioteca Nazionale Marciana. A Provenance Database,https://archiviopossessori.it/,True,False,False,False,False,,,False,,False,IRCDL,,,2021-07-15 15:27:00,2026-01-06 22:54:06,200,https://web.archive.org/web/20260106225406/https://archiviopossessori.it/,NOTPROVIDED,NOTPROVIDED,NOTPROVIDED,
The “Verbo-Visual Virtual” Platform,https://www.verbovisualevirtuale.org/,True,False,False,False,True,,,False,,False,AIUCD,,,2016-04-24 11:51:24,2026-03-15 11:35:44,200,https://web.archive.org/web/20260315113544/https://verbovisualevirtuale.org/,NOTPROVIDED,NOTPROVIDED,NOTPROVIDED,
Stragi Nazifasciste,https://www.straginazifasciste.it/,True,False,False,False,False,,,False,,False,AIUCD,,,2016-04-10 06:52:57,2026-04-21 16:35:53,200,https://web.archive.org/web/20260421163553/https://www.straginazifasciste.it/,NOTPROVIDED,NOTPROVIDED,NOTPROVIDED,
Storia dei Carabinieri,https://www.spreaker.com/show/storia-dei-carabinieri,True,False,False,False,True,,,False,,False,DH Awards,,sito non raggiungibile,2020-11-01 01:10:00,2023-10-05 08:35:21,404,https://web.archive.org/web/20231005083521/https://www.spreaker.com/show/storia-dei-carabinieri,NOTPROVIDED,NOTPROVIDED,NOTPROVIDED,
Staccioli,https://staccioli.biblhertz.it/resource/,True,False,False,False,False,,,False,,False,Italian DH Institutions,,,2024-06-04 21:19:14,2024-06-04 21:19:14,200,https://web.archive.org/web/20240604211914/https://staccioli.biblhertz.it/resource/,NOTPROVIDED,NOTPROVIDED,NOTPROVIDED,
Spatial,https://dlib.biblhertz.it/spatial/,True,False,False,False,False,,,False,,False,Italian DH Institutions,,,,,200,,NOTPROVIDED,NOTPROVIDED,NOTPROVIDED,
Siena map,https://db.biblhertz.it/siena/siena.xql,True,False,False,False,False,,,False,,False,Italian DH Institutions,,,2019-01-14 14:24:44,2025-12-25 01:23:06,200,https://web.archive.org/web/20251225012306/https://db.biblhertz.it/siena/siena.xql,NOTPROVIDED,NOTPROVIDED,NOTPROVIDED,
SIAR: A User-Centric Digital Archive System,https://siar.regione.veneto.it/,True,False,False,False,False,,,False,,False,IRCDL,,,2017-07-17 20:59:10,2026-01-17 09:28:47,NOSTATUSCODE,https://web.archive.org/web/20260117092847/https://siar.regione.veneto.it/,NOTPROVIDED,NOTPROVIDED,NOTPROVIDED,
SERICA,https://serica.unipi.it/,True,False,False,False,False,,,,,,KNOT,http://purl.org/knot/data/serica-project,,2022-09-04 17:16:37,2025-04-01 14:59:51,200,https://web.archive.org/web/20250401145951/https://serica.unipi.it/,NOTPROVIDED,NOTPROVIDED,NOTPROVIDED,
semantic digital edition of vespasiano da bisticci’s letters,http://projects.dharc.unibo.it/vespasiano/,True,False,False,False,False,,,False,,False,Italian DH Institutions,,,2020-12-04 15:42:31,2026-02-17 06:14:58,200,https://web.archive.org/web/20260217061458/https://projects.dharc.unibo.it/vespasiano/,NOTPROVIDED,NOTPROVIDED,NOTPROVIDED,
semantic digital edition of paolo bufalini’s notebook,http://projects.dharc.unibo.it/bufalini-notebook/,True,False,False,False,False,,,False,,False,Italian DH Institutions,,,2020-11-21 23:26:27,2026-04-10 23:16:44,200,https://web.archive.org/web/20260410231644/https://projects.dharc.unibo.it/bufalini-notebook/,NOTPROVIDED,NOTPROVIDED,NOTPROVIDED,
S. Michele Arcangelo di Pegazzano,https://sanmichelepegazzano.labcd.unipi.it/,True,False,False,False,False,,,,,,KNOT,http://purl.org/knot/data/pegazzano-project,,2019-12-16 03:29:16,2025-12-25 22:07:57,NOSTATUSCODE,https://web.archive.org/web/20251225220757/https://sanmichelepegazzano.labcd.unipi.it/,NOTPROVIDED,NOTPROVIDED,NOTPROVIDED,
RePIM - Repertorio della Poesia Italiana in Musica,https://repim.itatti.harvard.edu/resource/repim:formSearch,True,False,False,False,False,,,,,,KNOT,http://purl.org/knot/data/repim-project,,2023-06-07 17:44:19,2026-01-24 08:20:48,200,https://web.archive.org/web/20260124082048/https://repim.itatti.harvard.edu/resource/repim:formSearch,NOTPROVIDED,NOTPROVIDED,NOTPROVIDED,
Repim,https://repim.itatti.harvard.edu/,True,False,False,False,False,,,False,,False,AIUCD,,,2022-01-20 21:30:05,2025-05-26 05:20:02,200,https://web.archive.org/web/20250526052002/https://repim.itatti.harvard.edu/,NOTPROVIDED,NOTPROVIDED,NOTPROVIDED,
Registri Monterosso,https://registrimonterosso.labcd.unipi.it/,True,False,False,False,False,,,False,,False,AIUCD,,,2022-01-20 21:39:06,2025-10-23 00:41:37,NOSTATUSCODE,https://web.archive.org/web/20251023004137/https://registrimonterosso.labcd.unipi.it/,NOTPROVIDED,NOTPROVIDED,NOTPROVIDED,
RDCI - Repertorio Digitale della Canzone Italiana,https://www.rdci.it/,True,False,False,False,False,,,,,,KNOT,http://purl.org/knot/data/repertorio-canzone-project,,2021-06-24 09:06:14,2026-03-16 05:49:29,200,https://web.archive.org/web/20260316054929/https://www.rdci.it/,NOTPROVIDED,NOTPROVIDED,NOTPROVIDED,
Rara,https://rara.biblhertz.it/,True,False,False,False,False,,,False,,False,Italian DH Institutions,,,2013-07-03 10:01:42,2026-01-08 22:02:17,200,https://web.archive.org/web/20260108220217/https://rara.biblhertz.it/,NOTPROVIDED,NOTPROVIDED,NOTPROVIDED,
Ragu project,https://raguproject.github.io/,True,False,False,False,False,,,False,https://raguproject.github.io/,False,AIUCD,,,2023-12-09 17:38:07,2025-01-26 11:58:04,200,https://web.archive.org/web/20250126115804/https://raguproject.github.io/,NOTPROVIDED,NOTPROVIDED,NOTPROVIDED,
Project 3d Bridge,https://wissensgeschichte.biblhertz.it/3d-bridge-html/index3D.html,True,False,False,False,False,,,False,,False,Italian DH Institutions,,,2007-06-25 05:33:59,2009-01-19 14:11:43,404,https://web.archive.org/web/20090119141143/http://wissensgeschichte.biblhertz.it:80/3d-bridge-html/index3D.html,NOTPROVIDED,NOTPROVIDED,NOTPROVIDED,
Progetto viver,https://testi.progettoviver.it/,True,False,False,False,False,,,False,,False,AIUCD,,,2023-12-06 14:48:12,2026-01-20 23:05:28,401,https://web.archive.org/web/20260120230528/https://testi.progettoviver.it/,NOTPROVIDED,NOTPROVIDED,NOTPROVIDED,
Progetto Mambrino,https://www.mambrino.it/it,True,False,False,False,False,,,False,,False,AIUCD,,risolve ma poi dice 404,2019-07-20 05:21:01,2026-03-08 06:39:58,200,https://web.archive.org/web/20260308063958/https://www.mambrino.it/it,NOTPROVIDED,NOTPROVIDED,NOTPROVIDED,
Poichilia,https://poichilia.unict.it,True,False,False,False,False,,,False,,False,Italian DH Institutions,,,2023-01-10 23:46:29,2023-08-01 19:48:33,200,https://web.archive.org/web/20230801194833/http://poichilia.unict.it/,NOTPROVIDED,NOTPROVIDED,NOTPROVIDED,
Pirandello nazionale,https://www.pirandellonazionale.it/opere/,True,False,False,False,False,,,False,https://www.pirandellonazionale.it/,True,AIUCD,,,2017-12-18 06:45:48,2026-01-24 03:14:20,200,https://web.archive.org/web/20260124031420/https://www.pirandellonazionale.it/opere/,NOTPROVIDED,NOTPROVIDED,NOTPROVIDED,
philoeditor,http://projects.dharc.unibo.it/philoeditor/,True,False,False,False,False,,,False,,False,Italian DH Institutions,,progetto in lavorazione (finisce nel maggio 2025),2021-12-17 00:19:11,2025-10-10 05:35:55,200,https://web.archive.org/web/20251010053555/http://projects.dharc.unibo.it/philoeditor/,NOTPROVIDED,NOTPROVIDED,NOTPROVIDED,
Pharos,https://pharosartresearch.org/,True,False,False,False,False,,,False,,False,Italian DH Institutions,,accesso negato,2016-10-30 05:04:38,2026-02-17 15:30:42,200,https://web.archive.org/web/20260217153042/http://pharosartresearch.org/,NOTPROVIDED,NOTPROVIDED,NOTPROVIDED,
Petrarchive,https://dcl.luddy.indiana.edu/petrarchive/,True,False,False,False,False,,,False,,False,AIUCD,,,2023-12-01 13:29:12,2026-03-15 02:16:39,200,https://web.archive.org/web/20260315021639/https://dcl.luddy.indiana.edu/petrarchive/,NOTPROVIDED,NOTPROVIDED,NOTPROVIDED,
Perspectiva,https://dlib.biblhertz.it/perspectiva/,True,False,False,False,True,,,False,,False,Italian DH Institutions,,,,,200,,NOTPROVIDED,NOTPROVIDED,NOTPROVIDED,
Pelavicino,http://pelavicino.labcd.unipi.it/,True,False,False,False,False,,,False,,False,Italian DH Institutions,,,2015-12-25 00:43:10,2025-12-31 09:13:47,NOSTATUSCODE,https://web.archive.org/web/20251231091347/https://pelavicino.labcd.unipi.it/,NOTPROVIDED,NOTPROVIDED,NOTPROVIDED,
PAThs - Archaeological Atlas of Coptic Literature,https://atlas.paths-erc.eu/,True,False,False,False,False,,,,,,KNOT,http://purl.org/knot/data/paths-project,,2019-02-25 10:44:01,2026-02-18 14:23:31,200,https://web.archive.org/web/20260218142331/https://atlas.paths-erc.eu/,NOTPROVIDED,NOTPROVIDED,NOTPROVIDED,
PARTIGIANI D'ITALIA,https://partigianiditalia.cultura.gov.it/,True,False,False,False,False,,,,,,KNOT,http://purl.org/knot/data/partigiani-italia-project,,2022-12-10 14:41:50,2026-03-30 12:04:18,200,https://web.archive.org/web/20260330120418/https://partigianiditalia.cultura.gov.it/,NOTPROVIDED,NOTPROVIDED,NOTPROVIDED,
Papyri.info,https://papyri.info/,True,False,False,False,False,,,False,,False,Italian DH Institutions,,,2007-09-29 00:41:54,2026-05-10 21:57:03,200,https://web.archive.org/web/20260510215703/http://papyri.info/,NOTPROVIDED,NOTPROVIDED,NOTPROVIDED,
PAISÀ corpus italiano,https://www.corpusitaliano.it/en/index.html,True,False,False,False,False,,,,,,KNOT,http://purl.org/knot/data/paisa-project,,2012-09-30 01:40:22,2026-03-12 13:42:34,200,https://web.archive.org/web/20260312134234/http://corpusitaliano.it/en/index.html,NOTPROVIDED,NOTPROVIDED,NOTPROVIDED,
OpenGadda,https://numgadda.github.io/OpenGadda/databasecolumnmerge.html,True,False,False,False,False,,,False,,False,AIUCD,,,2025-03-06 21:04:47,2025-03-06 21:04:47,200,https://web.archive.org/web/20250306210447/https://numgadda.github.io/OpenGadda/databasecolumnmerge.html,NOTPROVIDED,NOTPROVIDED,NOTPROVIDED,
Odonomastica Femminile,http://www.labcd.unipi.it/odonomastica-femminile/,True,False,False,False,True,,,False,,False,Italian DH Institutions,,non funziona,2022-05-18 16:23:35,2025-12-09 08:04:57,NOSTATUSCODE,https://web.archive.org/web/20251209080457/http://www.labcd.unipi.it/odonomastica-femminile/,NOTPROVIDED,NOTPROVIDED,NOTPROVIDED,
odi: uno studio su il castello dei destini incrociati di italo calvino,https://projects.dharc.unibo.it/odi/,True,False,False,False,False,,,False,,False,Italian DH Institutions,,alcuni filtri di ricerca non sono più funzionanti,2023-11-29 02:07:18,2026-03-09 12:10:05,200,https://web.archive.org/web/20260309121005/http://projects.dharc.unibo.it/odi/,NOTPROVIDED,NOTPROVIDED,NOTPROVIDED,
Nuova Bilioteca Manoscritta,https://www.nuovabibliotecamanoscritta.it/,True,False,False,False,False,,,False,,False,Italian DH Institutions,,,2006-02-14 09:34:33,2026-02-08 03:34:47,200,https://web.archive.org/web/20260208033447/https://www.nuovabibliotecamanoscritta.it/,NOTPROVIDED,NOTPROVIDED,NOTPROVIDED,
Noack,https://db.biblhertz.it/noack/noack.xml,True,False,False,False,True,,,False,,False,Italian DH Institutions,,,2007-05-13 20:47:23,2024-04-30 03:08:52,200,https://web.archive.org/web/20240430030852/https://db.biblhertz.it/noack/noack.xml,NOTPROVIDED,NOTPROVIDED,NOTPROVIDED,
Navigli Project,http://arcg.is/0vfWKj,True,False,False,False,False,,,False,,False,DH Awards,,,2020-10-08 06:34:02,2025-09-11 17:34:00,200,https://web.archive.org/web/20250911173400/http://arcg.is/0vfWKj,NOTPROVIDED,NOTPROVIDED,NOTPROVIDED,
mythlod,https://dharc-org.github.io/mythlod/,True,False,False,False,False,,,False,,False,Italian DH Institutions,,"solo sito vetrina, il progetto verrà caricato presto (chiuso nel 2020)",2021-11-22 20:11:10,2025-05-29 17:53:07,200,https://web.archive.org/web/20250529175307/https://dharc-org.github.io/mythlod/,NOTPROVIDED,NOTPROVIDED,NOTPROVIDED,
mythLOD,https://dharc-org.github.io/mythlod/static/mima.html,True,False,False,False,False,,,,,,KNOT,http://purl.org/knot/data/mythlod-project,,2022-12-05 20:27:10,2025-05-29 17:53:07,200,https://web.archive.org/web/20250529175307/https://dharc-org.github.io/mythlod/static/mima.html,NOTPROVIDED,NOTPROVIDED,NOTPROVIDED,
musow,http://projects.dharc.unibo.it/musow/,True,False,False,False,True,,,False,,False,Italian DH Institutions,,connessione non privata (accessibile con wayback ma non funzionante),2021-11-17 13:32:50,2025-09-12 22:09:47,503,https://web.archive.org/web/20250912220947/https://projects.dharc.unibo.it/musow/,NOTPROVIDED,NOTPROVIDED,NOTPROVIDED,
Musisque Deoque. Un archivio digitale di poesia latina,https://mizar.unive.it/mqdq/public/index,True,False,False,False,False,,,,,,KNOT,http://purl.org/knot/data/musisque-deoque-project,,2019-03-06 08:06:09,2024-12-09 10:26:24,NOSTATUSCODE,https://web.archive.org/web/20241209102624/https://mizar.unive.it/mqdq/public/index,NOTPROVIDED,NOTPROVIDED,NOTPROVIDED,
Musisque Deoque,http://www.mqdq.it/,True,False,False,False,False,,,False,,False,DH Awards,,,2013-05-26 02:23:56,2026-03-09 20:36:23,200,https://web.archive.org/web/20260309203623/https://mqdq.it/,NOTPROVIDED,NOTPROVIDED,NOTPROVIDED,
Metastasio,https://www.progettometastasio.it/public/,True,False,False,False,False,,,,,,KNOT,http://purl.org/knot/data/metastasio-drammi-project,,2016-07-26 21:25:16,2026-03-16 08:41:03,200,https://web.archive.org/web/20260316084103/https://www.progettometastasio.it/public/,NOTPROVIDED,NOTPROVIDED,NOTPROVIDED,
Metadata as Semantic Palimpsests: The Case of PHAIDRA@unipd,https://phaidra.cab.unipd.it/info/impressum,True,False,False,False,False,,,False,,False,IRCDL,,protocollo https non aggiornato,2014-12-18 21:57:50,2026-04-14 02:42:47,200,https://web.archive.org/web/20260414024247/https://phaidra.cab.unipd.it/info/impressum,NOTPROVIDED,NOTPROVIDED,NOTPROVIDED,
Memoria di guerra,http://www.memoriediguerra.it/,True,False,False,False,False,,,,,,KNOT,http://purl.org/knot/data/memorie-guerra-project,,2017-08-09 14:22:43,2025-11-07 15:03:19,200,https://web.archive.org/web/20251107150319/http://memoriediguerra.it/,NOTPROVIDED,NOTPROVIDED,NOTPROVIDED,
melody. make me a linked open data story,https://projects.dharc.unibo.it/melody/,True,False,False,False,False,,,False,,False,Italian DH Institutions,,"a volte carica tutte le lettere, a volte no",2022-10-06 19:12:07,2026-01-15 23:54:28,200,https://web.archive.org/web/20260115235428/https://projects.dharc.unibo.it/melody/,NOTPROVIDED,NOTPROVIDED,NOTPROVIDED,
mAuth - Mining Authoritativeness in Art History,https://projects.dharc.unibo.it/mauth/search,True,False,False,False,True,,,,,,KNOT,http://purl.org/knot/data/mauth-project,,2021-11-22 20:11:19,2025-03-21 13:39:39,406,https://web.archive.org/web/20250321133939/http://projects.dharc.unibo.it/mauth/search,NOTPROVIDED,NOTPROVIDED,NOTPROVIDED,
Matilde Di Canossa,http://www.labcd.unipi.it/matildedicanossa,True,False,False,False,False,,,False,,False,Italian DH Institutions,,,2021-03-19 07:48:28,2026-01-03 00:16:39,NOSTATUSCODE,https://web.archive.org/web/20260103001639/http://www.labcd.unipi.it/matildedicanossa,NOTPROVIDED,NOTPROVIDED,NOTPROVIDED,
Maps and Gazetteers,https://maps.biblhertz.it/,True,False,False,False,False,,,False,,False,Italian DH Institutions,,impossibile raggiungere il sito,2019-11-15 05:18:31,2026-05-05 16:27:34,200,https://web.archive.org/web/20260505162734/https://maps.biblhertz.it/,NOTPROVIDED,NOTPROVIDED,NOTPROVIDED,
Mappa project,https://mappaproject.arch.unipi.it/mod/Index.php,True,False,False,False,False,,http://www.mappaproject.org/,True,,,KNOT,http://purl.org/knot/data/mappa-open-project,,2012-05-24 04:23:54,2025-01-16 13:17:19,NOSTATUSCODE,https://web.archive.org/web/20250116131719/http://mappaproject.arch.unipi.it/mod/Index.php,2012-05-31 03:08:43,2026-01-09 16:19:51,200,https://web.archive.org/web/20260109161951/https://www.mappaproject.org/
Manoscritti Italiani Volgari del 17° secolo,https://miv17.labdilef.it/,True,False,False,False,False,,,,,,KNOT,http://purl.org/knot/data/miv17-project,,2023-01-28 07:31:05,2026-02-04 12:11:53,200,https://web.archive.org/web/20260204121153/http://miv17.labdilef.it/,NOTPROVIDED,NOTPROVIDED,NOTPROVIDED,
Lodovico Media Library,https://lodovico.medialibrary.it/home/index.aspx,True,False,False,False,False,,,,,,KNOT,http://purl.org/knot/data/lodovico-project,,2021-04-15 10:02:13,2026-04-30 17:55:35,200,https://web.archive.org/web/20260430175535/https://lodovico.medialibrary.it/home/index.aspx,NOTPROVIDED,NOTPROVIDED,NOTPROVIDED,
Linking Latin,https://lila-erc.eu/LiLaLisp/,True,False,False,False,False,,,False,https://lila-erc.eu/#about-1,True,AIUCD,,,2023-10-20 13:14:10,2024-12-09 10:21:39,200,https://web.archive.org/web/20241209102139/https://lila-erc.eu/LiLaLisp/,NOTPROVIDED,NOTPROVIDED,NOTPROVIDED,
Lineamenta,https://fm.biblhertz.it/fmi/xsl/home.xsl?-token.proj=li,True,False,False,False,False,,,False,,False,Italian DH Institutions,,,2020-08-20 06:02:20,2022-07-12 13:03:30,500,https://web.archive.org/web/20220712130330/http://fm.biblhertz.it/fmi/xsl/home.xsl?-token.proj=li,NOTPROVIDED,NOTPROVIDED,NOTPROVIDED,
Linea: per un portale della letteratura italiana del Novecento,https://linea.unict.it,True,False,False,False,False,,,False,,False,Italian DH Institutions,,,2022-06-26 01:07:51,2025-08-03 16:59:57,200,https://web.archive.org/web/20250803165957/https://linea.unict.it/,NOTPROVIDED,NOTPROVIDED,NOTPROVIDED,
Libretti d'opera,https://www.librettodopera.it/public/,True,False,False,False,False,,,,,,KNOT,http://purl.org/knot/data/libretti-opera-project,,2016-12-24 12:52:31,2025-12-11 15:52:30,200,https://web.archive.org/web/20251211155230/https://www.librettodopera.it/public/,NOTPROVIDED,NOTPROVIDED,NOTPROVIDED,
Library Data Integration: the CoBiS Linked Open Data Project and Portal,https://dati.cobis.to.it/,True,False,False,False,False,,,False,,False,IRCDL,,,2018-12-24 09:18:24,2026-02-04 01:53:59,200,https://web.archive.org/web/20260204015359/https://dati.cobis.to.it/,NOTPROVIDED,NOTPROVIDED,NOTPROVIDED,
LIBERaBIT,https://www.liberabit.unisa.it/,True,False,False,False,False,,,,,,KNOT,http://purl.org/knot/data/liberabit-project,,2022-09-19 18:31:15,2026-02-03 17:54:11,200,https://web.archive.org/web/20260203175411/https://www.liberabit.unisa.it/,NOTPROVIDED,NOTPROVIDED,NOTPROVIDED,
leggo manzoni,https://projects.dharc.unibo.it/leggomanzoni/,True,False,False,False,False,,,False,,False,Italian DH Institutions,,,2024-04-04 06:10:56,2026-01-22 22:48:25,200,https://web.archive.org/web/20260122224825/https://projects.dharc.unibo.it/leggomanzoni/,NOTPROVIDED,NOTPROVIDED,NOTPROVIDED,
Le parole dell'arte. Accademia della crusca,https://mla.accademiadellacrusca.org/,True,False,False,False,False,,,False,,False,Italian DH Institutions,,,2019-03-28 15:34:02,2025-12-18 07:05:15,200,https://web.archive.org/web/20251218070515/https://mla.accademiadellacrusca.org/,NOTPROVIDED,NOTPROVIDED,NOTPROVIDED,
Le Lettere di Alessandra Macinghi Strozzi,https://macinghi-strozzi.labdilef.it/,True,False,False,False,False,,,,,,KNOT,http://purl.org/knot/data/macinghi-strozzi-project,,2022-06-30 16:45:39,2025-12-13 15:19:34,200,https://web.archive.org/web/20251213151934/https://macinghi-strozzi.labdilef.it/,NOTPROVIDED,NOTPROVIDED,NOTPROVIDED,
"Last Letters from the World Wars: Forming Italian Language, Identity and Memory in Texts of Conflict",https://www.ultimelettere.it/LastLetters/,True,False,False,False,False,,,False,,False,Italian DH Institutions,,,2019-07-20 01:15:36,2026-02-19 00:16:58,200,https://web.archive.org/web/20260219001658/https://www.ultimelettere.it/LastLetters/,NOTPROVIDED,NOTPROVIDED,NOTPROVIDED,
L'Area Cimiteriale di San Matteo,https://sepolturesanmatteo.labcd.unipi.it/,True,False,False,False,False,,,,,,KNOT,http://purl.org/knot/data/cimi-san-matteo-project,,2021-03-05 00:01:09,2025-10-25 00:04:05,NOSTATUSCODE,https://web.archive.org/web/20251025000405/https://sepolturesanmatteo.labcd.unipi.it/,NOTPROVIDED,NOTPROVIDED,NOTPROVIDED,
Italian Natural Language Processing Lab,http://www.italianlp.it/demo/linguistic-annotation-tool/,True,False,False,False,False,,,,,,KNOT,http://purl.org/knot/data/lingua-project,,2014-07-12 10:58:42,2026-02-16 21:07:29,200,https://web.archive.org/web/20260216210729/http://www.italianlp.it/demo/linguistic-annotation-tool/,NOTPROVIDED,NOTPROVIDED,NOTPROVIDED,
"IntraText dLib: digital library framework system based on distributed collaboration, e-mail interaction and easy to use text-to-xml facilities for editorial accuracy ",https://www.intratext.com/,True,False,False,False,True,,,False,,False,IRCDL,,,2000-02-29 04:38:37,2026-05-04 05:32:56,200,https://web.archive.org/web/20260504053256/https://www.intratext.com/,NOTPROVIDED,NOTPROVIDED,NOTPROVIDED,
Index Thomisticus Treebank,https://itreebank.marginalia.it/,True,False,False,False,False,,,False,,False,Italian DH Institutions,,la funzione multilingua non funziona sempre,2008-12-17 15:41:46,2026-04-05 00:55:49,200,https://web.archive.org/web/20260405005549/https://itreebank.marginalia.it/,NOTPROVIDED,NOTPROVIDED,NOTPROVIDED,
In Codice Ratio: Machine Transcription of Medieval Manuscripts,https://www.inf.uniroma3.it/db/icr/,True,False,False,False,False,,,False,,False,IRCDL,,,2018-05-15 05:52:03,2024-08-26 11:45:42,NOSTATUSCODE,https://web.archive.org/web/20240826114542/http://www.inf.uniroma3.it/db/icr/,NOTPROVIDED,NOTPROVIDED,NOTPROVIDED,
Illuminated Dante Project (IDP),https://www.dante.unina.it/ndp/public/frontend,True,False,False,False,False,,,False,,False,AIUCD,,traslocato a https://www.unive.it/pag/44465/,2024-11-10 21:13:11,2026-05-25 01:16:36,NOSTATUSCODE,https://web.archive.org/web/20260525011636/https://www.dante.unina.it/ndp/public/frontend,NOTPROVIDED,NOTPROVIDED,NOTPROVIDED,
Illuminated Dante Project,https://www.dante.unina.it/idp/public/frontend,True,False,False,False,False,,,False,,False,Italian DH Institutions,,error 404,2024-06-20 11:35:23,2026-02-10 11:25:03,NOSTATUSCODE,https://web.archive.org/web/20260210112503/https://www.dante.unina.it/idp/public/frontend,NOTPROVIDED,NOTPROVIDED,NOTPROVIDED,
Idilli di Giacomo Leopardi,https://leopardi.ecdosys.org/en/Home/,True,False,False,False,False,,,,,,KNOT,http://purl.org/knot/data/idili-leopardi-project,,2024-05-09 13:23:46,2024-05-09 13:24:10,200,https://web.archive.org/web/20240509132410/http://leopardi.ecdosys.org/en/Home/,NOTPROVIDED,NOTPROVIDED,NOTPROVIDED,
I Tatti Digital Collection,https://collection.itatti.harvard.edu/,True,False,False,False,False,,,False,,False,Italian DH Institutions,,protocollo https non implementato + file not found,2022-04-18 00:10:45,2025-01-14 21:06:06,200,https://web.archive.org/web/20250114210606/https://collection.itatti.harvard.edu/,NOTPROVIDED,NOTPROVIDED,NOTPROVIDED,
I conti con la Storia: Le leggi razziali tra televisione e storiografia,http://www.iconticonlastoria.it,True,False,False,False,False,,,False,,False,DH Awards,,,2021-01-08 14:32:52,2024-11-25 04:46:29,200,https://web.archive.org/web/20241125044629/https://iconticonlastoria.it/,NOTPROVIDED,NOTPROVIDED,NOTPROVIDED,
Hyperpavese,https://www.hyperpavese.com/progetto.php,True,False,False,False,False,,,False,,False,AIUCD,,sparql endpoint non accessibile,2021-10-24 10:18:42,2025-01-23 04:45:40,200,https://web.archive.org/web/20250123044540/https://www.hyperpavese.com/progetto.php,NOTPROVIDED,NOTPROVIDED,NOTPROVIDED,
https://zuccaro.biblhertz.it/,https://zuccaro.biblhertz.it/,True,False,False,False,False,,,False,,False,Italian DH Institutions,,è un sito vetrina (https://vision.artresearch.net/resource/start),2004-06-11 03:13:15,2026-04-11 21:47:42,200,https://web.archive.org/web/20260411214742/https://zuccaro.biblhertz.it/,NOTPROVIDED,NOTPROVIDED,NOTPROVIDED,
Hertziana Rare Books Online,https://dlib.biblhertz.it/,True,False,False,False,False,,,False,,False,Italian DH Institutions,,pagina non trovata,2018-02-16 05:56:40,2026-02-14 17:05:05,200,https://web.archive.org/web/20260214170505/https://dlib.biblhertz.it/,NOTPROVIDED,NOTPROVIDED,NOTPROVIDED,
Heinrich Wölfflin,https://editions.humanitiesconnect.pub/exist/apps/hwgw/index.html,True,False,False,False,False,,,False,,False,Italian DH Institutions,,,,,200,,NOTPROVIDED,NOTPROVIDED,NOTPROVIDED,
Greek Schools,https://viewer.greekschools.eu/,True,False,False,False,False,,https://www.ilc.cnr.it/progetti/greekschools-2/,True,,False,Italian DH Institutions,,,2023-11-02 07:28:30,2025-11-05 16:32:47,200,https://web.archive.org/web/20251105163247/https://viewer.greekschools.eu/,2023-06-09 18:22:52,2026-02-16 08:16:29,200,https://web.archive.org/web/20260216081629/https://www.ilc.cnr.it/progetti/greekschools-2/
Greek into Arabic,http://www.greekintoarabic.eu/index0b30.html,True,False,False,False,False,,,,,,KNOT,http://purl.org/knot/data/g2a-project,,2019-07-22 12:21:17,2026-02-13 01:11:26,NOSTATUSCODE,https://web.archive.org/web/20260213011126/http://www.greekintoarabic.eu/index0b30.html,NOTPROVIDED,NOTPROVIDED,NOTPROVIDED,
gigapixel images,https://virtualphotothek.khi.fi.it/gigapixel/,True,False,False,False,False,,,False,,False,Italian DH Institutions,,,2022-08-31 15:41:18,2025-09-10 02:03:26,200,https://web.archive.org/web/20250910020326/https://virtualphotothek.khi.fi.it/gigapixel/,NOTPROVIDED,NOTPROVIDED,NOTPROVIDED,
Gesture Atlas,https://biblhertz.github.io/atlas/,True,False,False,False,False,,,False,,False,Italian DH Institutions,,error 404,2019-09-16 07:16:04,2025-11-16 09:34:28,200,https://web.archive.org/web/20251116093428/https://biblhertz.github.io/atlas/,NOTPROVIDED,NOTPROVIDED,NOTPROVIDED,
Galleria Borghese,https://galleriaborghese.beniculturali.it/,True,False,False,False,False,,,False,,False,Italian DH Institutions,,,2010-07-22 07:22:55,2026-02-09 16:39:12,NOSTATUSCODE,https://web.archive.org/web/20260209163912/https://galleriaborghese.beniculturali.it/,NOTPROVIDED,NOTPROVIDED,NOTPROVIDED,
FRED - Machine Reading for the Semantic Web,http://wit.istc.cnr.it/stlab-tools/fred/,True,False,False,False,False,,,,,,KNOT,http://purl.org/knot/data/fred-project,,2012-07-15 01:08:17,2025-09-24 17:16:36,200,https://web.archive.org/web/20250924171636/http://wit.istc.cnr.it/stlab-tools/fred/,NOTPROVIDED,NOTPROVIDED,NOTPROVIDED,
framester,https://framester.github.io/,True,False,False,False,False,,http://etna.istc.cnr.it/framester_web/,True,,False,Italian DH Institutions,,,2024-04-17 22:31:51,2025-11-11 05:41:46,200,https://web.archive.org/web/20251111054146/https://framester.github.io/,2022-10-07 03:05:03,2024-05-27 21:14:51,200,https://web.archive.org/web/20240527211451/http://etna.istc.cnr.it/framester_web/
Foto,https://foto.biblhertz.it/,True,False,False,False,False,,,False,,False,Italian DH Institutions,,,2008-01-15 21:23:31,2026-02-04 19:50:10,200,https://web.archive.org/web/20260204195010/https://foto.biblhertz.it/,NOTPROVIDED,NOTPROVIDED,NOTPROVIDED,
Fondazione fava,https://www.fondazionefava.it/archivio-di-giuseppe-fava/,True,False,False,False,True,,,False,,False,AIUCD,,,2023-09-30 07:02:51,2026-02-12 07:15:15,200,https://web.archive.org/web/20260212071515/https://www.fondazionefava.it/archivio-di-giuseppe-fava/,NOTPROVIDED,NOTPROVIDED,NOTPROVIDED,
Flos,http://iu.di.unipi.it/flos/,True,False,False,False,False,,,False,,False,Italian DH Institutions,,,2019-12-07 05:03:59,2022-05-19 01:17:10,NOSTATUSCODE,https://web.archive.org/web/20220519011710/http://iu.di.unipi.it/flos/,NOTPROVIDED,NOTPROVIDED,NOTPROVIDED,
Florentine Drawings,https://florentinedrawings.itatti.harvard.edu/,True,False,False,False,False,,,False,,False,Italian DH Institutions,,error 404 not found,2017-04-06 23:44:39,2025-07-01 02:26:23,200,https://web.archive.org/web/20250701022623/https://florentinedrawings.itatti.harvard.edu/,NOTPROVIDED,NOTPROVIDED,NOTPROVIDED,
Europeana Eagle Project,https://www.eagle-network.eu/,True,False,False,False,False,,,False,,False,Italian DH Institutions,,problemi col protocollo google maps,2013-01-28 03:32:48,2026-04-12 05:07:18,200,https://web.archive.org/web/20260412050718/https://www.eagle-network.eu/,NOTPROVIDED,NOTPROVIDED,NOTPROVIDED,
Establishing a Digital Library in Wide-Ranging University’s Context The Sapienza Digital Library Experience,https://sapienzadigitallibrary.uniroma1.it/index.php/,True,False,False,False,False,,,False,,False,IRCDL,,,2024-08-07 05:28:00,2026-01-06 06:03:43,200,https://web.archive.org/web/20260106060343/https://sapienzadigitallibrary.uniroma1.it/index.php/,NOTPROVIDED,NOTPROVIDED,NOTPROVIDED,
Erbario di Aldovrandi,https://botanica.sma.unibo.it/aldrovandi/Explore,True,False,False,False,False,,,False,https://botanica.sma.unibo.it/,True,AIUCD,,,2018-09-22 00:49:25,2026-03-12 10:15:41,200,https://web.archive.org/web/20260312101541/https://botanica.sma.unibo.it/aldrovandi/explore,NOTPROVIDED,NOTPROVIDED,NOTPROVIDED,
Epistolario De Gasperi,https://epistolariodegasperi.it/#/,True,False,False,False,True,,,False,,False,Italian DH Institutions,,traslocato https://alcidedigitale.fbk.eu/platform/,2019-05-09 14:20:35,2025-11-07 16:06:51,200,https://web.archive.org/web/20251107160651/https://epistolariodegasperi.it/,NOTPROVIDED,NOTPROVIDED,NOTPROVIDED,
Epistolario De Gasperi,https://www.epistolariodegasperi.it/#/archivio_digitale/lettere,True,False,False,False,False,,,False,www.epistolariodegasperi.it,True,AIUCD,,,2019-05-09 14:20:35,2025-11-07 16:06:51,200,https://web.archive.org/web/20251107160651/https://epistolariodegasperi.it/,NOTPROVIDED,NOTPROVIDED,NOTPROVIDED,
Epigraphic Database Roma (EDR),http://www.edr-edr.it/default/index.php,True,False,False,False,False,,,,,,KNOT,http://purl.org/knot/data/edr-project,,2017-02-24 03:00:58,2026-03-06 09:01:09,200,https://web.archive.org/web/20260306090109/http://www.edr-edr.it/default/index.php,NOTPROVIDED,NOTPROVIDED,NOTPROVIDED,
Epicum: Epigraphs of Castello Ursino Museum,http://epicum.istc.cnr.it/collezione/,True,False,False,False,False,,,False,,False,Italian DH Institutions,,,2022-07-06 23:18:50,2026-01-17 23:27:44,200,https://web.archive.org/web/20260117232744/https://epicum.istc.cnr.it/collezione/,NOTPROVIDED,NOTPROVIDED,NOTPROVIDED,
ELA - Eurasian Latin Archive,http://ela.unisi.it/,True,False,False,False,False,,,,,,KNOT,http://purl.org/knot/data/ela-project,,2021-12-17 00:20:52,2025-12-16 22:02:39,200,https://web.archive.org/web/20251216220239/https://ela.unisi.it/,NOTPROVIDED,NOTPROVIDED,NOTPROVIDED,
"Eine römische Trilogie: Schudt, Caldana, Schlosser",https://dlib.biblhertz.it/guide/,True,False,False,False,False,,,False,,False,Italian DH Institutions,,,,,200,,NOTPROVIDED,NOTPROVIDED,NOTPROVIDED,
EDV -  Epigraphic Database Vernacular,http://www.edvcorpus.com/wp/,True,False,False,False,False,,,,,,KNOT,http://purl.org/knot/data/edv-project,,2019-08-21 01:16:30,2025-01-24 19:19:27,NOSTATUSCODE,https://web.archive.org/web/20250124191927/http://www.edvcorpus.com/wp/,NOTPROVIDED,NOTPROVIDED,NOTPROVIDED,
edizione nazionale delle opere di aldo moro,https://aldomorodigitale.unibo.it/,True,False,False,False,False,,,False,,False,Italian DH Institutions,,,2021-05-25 07:08:38,2025-11-19 18:49:45,200,https://web.archive.org/web/20251119184945/https://aldomorodigitale.unibo.it/,NOTPROVIDED,NOTPROVIDED,NOTPROVIDED,
EDB: Knowledge Technologies for Ancient Greek and Latin Epigraphy,https://www.edb.uniba.it/,True,False,False,False,False,,,False,,False,IRCDL,,problemi con javascript,2004-10-14 18:23:51,2025-12-15 17:53:06,NOSTATUSCODE,https://web.archive.org/web/20251215175306/https://www.edb.uniba.it/,NOTPROVIDED,NOTPROVIDED,NOTPROVIDED,
Ebla Digital Archives,http://ebda.cnr.it/,True,False,False,False,False,,,False,,False,Italian DH Institutions,,,2018-11-30 12:18:25,2025-12-15 14:46:54,200,https://web.archive.org/web/20251215144654/http://ebda.cnr.it/,NOTPROVIDED,NOTPROVIDED,NOTPROVIDED,
Ebla Digital Archives,http://ebda.cnr.it/index,True,False,False,False,False,,,,,,KNOT,http://purl.org/knot/data/ebla-project,,2019-02-03 10:29:08,2024-09-26 17:51:32,200,https://web.archive.org/web/20240926175132/http://ebda.cnr.it/index,NOTPROVIDED,NOTPROVIDED,NOTPROVIDED,
Eagle Project,https://www.eagle-network.eu/basic-search/,True,False,False,False,False,,https://www.eagle-network.eu/basic-search/,False,,False,AIUCD,,,2016-03-07 22:59:33,2026-03-12 07:51:43,200,https://web.archive.org/web/20260312075143/https://www.eagle-network.eu/basic-search,2016-03-07 22:59:33,2026-03-12 07:51:43,200,https://web.archive.org/web/20260312075143/https://www.eagle-network.eu/basic-search
e-rihs,https://www.e-rihs.eu/,True,False,False,False,False,,,False,,False,Italian DH Institutions,,è un tool e nei deliverabels raccoglie alcuni risultati vari,2016-05-08 05:12:07,2026-04-30 04:12:26,200,https://web.archive.org/web/20260430041226/https://www.e-rihs.eu/,NOTPROVIDED,NOTPROVIDED,NOTPROVIDED,
DOGE Percorsi Digitali,https://doge.unige.net/,True,False,False,False,False,,,,,,KNOT,http://purl.org/knot/data/doge-project,il corpus è accessibile solo con credenziali,2022-01-26 16:15:57,2026-03-25 19:59:14,200,https://web.archive.org/web/20260325195914/https://doge.unige.net/,NOTPROVIDED,NOTPROVIDED,NOTPROVIDED,
digitizing the die kirchen von siena project,https://sienaproject.khi.fi.it/,True,False,False,False,False,,,False,,False,Italian DH Institutions,,"li project url è più un sito vetrina, per visualizzare il modello 3d bisogna scaricare un software e un dataset in locale",2022-08-11 05:58:59,2025-08-15 01:29:58,NOSTATUSCODE,https://web.archive.org/web/20250815012958/https://sienaproject.khi.fi.it/,NOTPROVIDED,NOTPROVIDED,NOTPROVIDED,
digital photothek,http://photothek.khi.fi.it/?Language=en,True,False,False,False,False,,,False,,False,Italian DH Institutions,,,2015-03-29 05:01:44,2026-02-12 05:45:04,200,https://web.archive.org/web/20260212054504/https://photothek.khi.fi.it/?Language=en,NOTPROVIDED,NOTPROVIDED,NOTPROVIDED,
Digital Library Pavia,https://www.bibliotecadigitale.unipv.eu/,True,False,False,False,False,,,,,,KNOT,http://purl.org/knot/data/digi-lib-pavia-project,,2020-12-18 07:55:58,2026-04-10 06:07:53,200,https://web.archive.org/web/20260410060753/https://www.bibliotecadigitale.unipv.eu/,NOTPROVIDED,NOTPROVIDED,NOTPROVIDED,
digital library (ficlit),https://dl.ficlit.unibo.it,True,False,False,False,False,,,False,,False,Italian DH Institutions,,error 404,2022-06-19 03:17:07,2025-09-28 03:26:32,200,https://web.archive.org/web/20250928032632/https://dl.ficlit.unibo.it/,NOTPROVIDED,NOTPROVIDED,NOTPROVIDED,
digilibLT: Biblioteca digitale di testi latini tardoantichi,http://www.digiliblt.unipmn.it/,True,False,False,False,True,,,False,,False,DH Awards,,,2012-02-05 00:48:17,2026-03-07 17:25:01,200,https://web.archive.org/web/20260307172501/http://digiliblt.unipmn.it/,NOTPROVIDED,NOTPROVIDED,NOTPROVIDED,
DigilibLT - Biblioteca digitale di testi latini tardoantichi,https://digiliblt.uniupo.it/index.php,True,False,False,False,False,,,,,,KNOT,http://purl.org/knot/data/digiliblt-project,,2017-10-22 13:23:29,2025-09-10 10:10:33,NOSTATUSCODE,https://web.archive.org/web/20250910101033/https://digiliblt.uniupo.it/index.php,NOTPROVIDED,NOTPROVIDED,NOTPROVIDED,
DIGESTO,https://dbtvm1.ilc.cnr.it/digesto/,True,False,False,False,False,,,,,,KNOT,http://purl.org/knot/data/digesto-project,ogni tanto qualche link dà pagina non trovata,2019-07-13 12:05:57,2025-02-17 08:17:58,200,https://web.archive.org/web/20250217081758/http://dbtvm1.ilc.cnr.it/digesto/,NOTPROVIDED,NOTPROVIDED,NOTPROVIDED,
dhdkey!,https://projects.dharc.unibo.it/dhdkey/,True,False,False,False,False,,,False,,False,Italian DH Institutions,,,2021-04-30 23:09:42,2025-11-05 08:48:23,200,https://web.archive.org/web/20251105084823/https://projects.dharc.unibo.it/dhdkey/,NOTPROVIDED,NOTPROVIDED,NOTPROVIDED,
DB allegorico dantesco,https://www.databaseallegoricodantesco.it/archivio.php,True,False,False,False,False,,,False,,False,AIUCD,,,2023-12-06 20:06:23,2025-07-14 08:00:58,200,https://web.archive.org/web/20250714080058/https://www.databaseallegoricodantesco.it/archivio.php,NOTPROVIDED,NOTPROVIDED,NOTPROVIDED,
DASI: digital archive for the study of pre-islamic arabian inscriptions,https://dasi.cnr.it/,True,False,False,False,False,,,False,,False,Italian DH Institutions,,,2018-12-20 23:04:20,2026-03-04 12:21:32,200,https://web.archive.org/web/20260304122132/https://dasi.cnr.it/,NOTPROVIDED,NOTPROVIDED,NOTPROVIDED,
Daphnet: Modern Philosophy,http://modernsource.daphnet.iliesi.cnr.it/,True,False,False,False,True,,http://www.daphnet.iliesi.cnr.it/,True,,False,AIUCD,,,2022-10-01 13:30:27,2025-05-14 04:00:13,200,https://web.archive.org/web/20250514040013/http://modernsource.daphnet.iliesi.cnr.it/,2021-09-28 17:31:43,2025-12-21 20:12:35,200,https://web.archive.org/web/20251221201235/http://www.daphnet.iliesi.cnr.it/
Daphnet: Ancient Philosophy,http://ancientsource.daphnet.iliesi.cnr.it/,True,False,False,False,True,,http://www.daphnet.iliesi.cnr.it/,True,,False,AIUCD,,,2022-09-24 20:41:09,2024-12-13 06:51:17,200,https://web.archive.org/web/20241213065117/http://ancientsource.daphnet.iliesi.cnr.it/,2021-09-28 17:31:43,2025-12-21 20:12:35,200,https://web.archive.org/web/20251221201235/http://www.daphnet.iliesi.cnr.it/
DanteSources,https://dantesources.dantenetwork.it/index.html,True,False,False,False,False,,,False,,False,Italian DH Institutions,,,2021-03-25 11:05:01,2025-12-04 23:51:02,NOSTATUSCODE,https://web.archive.org/web/20251204235102/https://dantesources.dantenetwork.it/index.html,NOTPROVIDED,NOTPROVIDED,NOTPROVIDED,
Dante: A Web Application for the History of Art,https://dante.beniculturali.unipd.it/dante-web/,True,False,False,False,True,,,False,,False,AIUCD,,non si riesce a scaricare i dataset,2022-01-22 13:54:32,2025-03-22 10:52:43,200,https://web.archive.org/web/20250322105243/https://dante.beniculturali.unipd.it/dante-web/,NOTPROVIDED,NOTPROVIDED,NOTPROVIDED,
Dante Search,https://dantesearch.dantenetwork.it/,True,False,False,False,False,,,,,,KNOT,http://purl.org/knot/data/dante-search-project,,2020-08-12 00:21:32,2025-12-01 14:14:50,NOSTATUSCODE,https://web.archive.org/web/20251201141450/https://dantesearch.dantenetwork.it/,NOTPROVIDED,NOTPROVIDED,NOTPROVIDED,
"dante depicted: a commentary on image, text, and exegesis around the commedia",https://dante.khi.fi.it/,True,False,False,False,False,,,False,,False,Italian DH Institutions,,,2023-03-09 09:56:49,2026-03-07 18:31:01,200,https://web.archive.org/web/20260307183101/https://dante.khi.fi.it/,NOTPROVIDED,NOTPROVIDED,NOTPROVIDED,
Dal Libro alla Biblioteca (DaLiB),https://dalib.it/,True,False,False,False,False,,,,,,KNOT,http://purl.org/knot/data/dalib-project,,2023-03-30 10:25:50,2026-03-07 12:16:02,200,https://web.archive.org/web/20260307121602/https://dalib.it/,NOTPROVIDED,NOTPROVIDED,NOTPROVIDED,
Czech-IT! Linguistic corpus of native Czech and Slovak learners acquiring Italian language,https://czech-it.github.io/,True,False,False,False,False,,,False,,False,AIUCD,,explore page not working,2022-01-19 21:30:45,2024-03-04 11:16:06,200,https://web.archive.org/web/20240304111606/https://czech-it.github.io/,NOTPROVIDED,NOTPROVIDED,NOTPROVIDED,
"Culturaitalia, the Italian National Content Aggregator in Europeana",http://dati.culturaitalia.it/,True,False,False,False,False,,,False,,False,IRCDL,,,2013-07-18 09:43:24,2026-04-17 21:01:54,200,https://web.archive.org/web/20260417210154/http://dati.culturaitalia.it/,NOTPROVIDED,NOTPROVIDED,NOTPROVIDED,
CRIA,https://cria.itatti.harvard.edu/,True,False,False,False,False,,,False,,False,Italian DH Institutions,,,2018-03-29 22:44:05,2026-02-02 04:22:10,200,https://web.archive.org/web/20260202042210/https://cria.itatti.harvard.edu/,NOTPROVIDED,NOTPROVIDED,NOTPROVIDED,
Corpus Rhythmorum Musicum,https://www.corimu.unisi.it/public/frontend/index,True,False,False,False,False,,,,,,KNOT,http://purl.org/knot/data/corimu-project,,2021-07-25 00:28:35,2026-02-14 15:49:53,200,https://web.archive.org/web/20260214154953/https://www.corimu.unisi.it/public/frontend/index,NOTPROVIDED,NOTPROVIDED,NOTPROVIDED,
Corpus KIParla - L'italiano parlato e chi parla italiano,https://kiparla.it/,True,False,False,False,True,,,,,,KNOT,http://purl.org/knot/data/kiparla-project,,2020-08-05 14:21:15,2026-01-06 15:28:56,200,https://web.archive.org/web/20260106152856/https://kiparla.it/,NOTPROVIDED,NOTPROVIDED,NOTPROVIDED,
Corago,http://corago.unibo.it/,True,False,False,False,False,,,,,,KNOT,http://purl.org/knot/data/corago-project,,2013-10-05 19:43:16,2026-05-12 05:25:56,200,https://web.archive.org/web/20260512052556/https://corago.unibo.it/,NOTPROVIDED,NOTPROVIDED,NOTPROVIDED,
CoPhiLab: Collaborative and Cooperative Philology Lab,http://www.languagelibrary.eu/new_ewnui/,True,False,False,False,False,,,False,,False,Italian DH Institutions,,,2017-06-12 00:33:27,2024-03-03 08:22:53,503,https://web.archive.org/web/20240303082253/http://www.languagelibrary.eu/new_ewnui/,NOTPROVIDED,NOTPROVIDED,NOTPROVIDED,
Controcultura,https://echaurren.biblhertz.it/PE.html,True,False,False,False,False,,,False,,False,Italian DH Institutions,,,2021-08-03 22:56:58,2025-05-17 03:00:39,200,https://web.archive.org/web/20250517030039/https://echaurren.biblhertz.it/PE.html,NOTPROVIDED,NOTPROVIDED,NOTPROVIDED,
Confluenze,https://confluenze.dev/,True,False,False,False,False,,,False,,False,Italian DH Institutions,,mi sembra un sitovetrina e basta,2024-04-18 17:03:56,2025-07-14 19:58:23,200,https://web.archive.org/web/20250714195823/http://confluenze.dev/,NOTPROVIDED,NOTPROVIDED,NOTPROVIDED,
Colonizzazioni interne e Migrazioni,https://storia.dh.unica.it/colonizzazioninterne/,True,False,False,False,False,,,,,,KNOT,http://purl.org/knot/data/col-interne-project,"fa un redicrect, e poi impossibile raggiungere il sito",2021-09-28 03:40:17,2026-03-15 20:08:33,200,https://web.archive.org/web/20260315200833/https://storia.dh.unica.it/colonizzazioninterne/,NOTPROVIDED,NOTPROVIDED,NOTPROVIDED,
Codex Atlanticus: exploring the largest exhisting collection of writings and drawings of Leonardo Da Vinci,https://codex-atlanticus.ambrosiana.it/#/,True,False,False,False,False,,,False,,False,Italian DH Institutions,,,2022-06-21 22:27:33,2026-04-14 17:13:56,200,https://web.archive.org/web/20260414171356/http://codex-atlanticus.ambrosiana.it/,NOTPROVIDED,NOTPROVIDED,NOTPROVIDED,
CO.COR (COMPLIMENT CORPUS),http://www.cocor.eu/index.php,True,False,False,False,True,,,,,,KNOT,http://purl.org/knot/data/cocor-project,,2019-07-20 18:40:10,2025-08-08 01:36:37,200,https://web.archive.org/web/20250808013637/http://www.cocor.eu/index.php,NOTPROVIDED,NOTPROVIDED,NOTPROVIDED,
Clori - archivio della cantata italiana,https://cantataitaliana.it/,True,False,False,False,False,,,,,,KNOT,http://purl.org/knot/data/clori-project,,2011-10-30 09:03:36,2026-03-02 04:33:50,200,https://web.archive.org/web/20260302043350/https://www.cantataitaliana.it/,NOTPROVIDED,NOTPROVIDED,NOTPROVIDED,
Classici Dse (EVT viewer),https://www.classici-dse.com/,True,False,False,False,False,,,False,,False,Italian DH Institutions,,,2021-11-29 17:14:15,2025-02-11 02:39:32,NOSTATUSCODE,https://web.archive.org/web/20250211023932/http://classici-dse.com/,NOTPROVIDED,NOTPROVIDED,NOTPROVIDED,
CLaSSES - Corpus for Latin Sociolinguistic Studies on Epigraphic textS,https://classes-latin-linguistics.fileli.unipi.it/en,True,False,False,False,False,,,,,,KNOT,http://purl.org/knot/data/classes-project,,2020-10-23 21:57:04,2025-12-16 09:22:38,NOSTATUSCODE,https://web.archive.org/web/20251216092238/https://classes-latin-linguistics.fileli.unipi.it/en,NOTPROVIDED,NOTPROVIDED,NOTPROVIDED,
Cipro,https://cipro.biblhertz.it/,True,False,False,False,False,,,False,,False,Italian DH Institutions,,,2021-06-24 15:55:38,2025-10-09 18:03:04,200,https://web.archive.org/web/20251009180304/https://cipro.biblhertz.it/,NOTPROVIDED,NOTPROVIDED,NOTPROVIDED,
Catalogus Philologorum Classicorum (CPhCl),http://www.aristarchus.unige.net/CPhCl/en/Home,True,False,False,False,False,,,,,,KNOT,http://purl.org/knot/data/cphci-project,error 404 not found,2017-09-28 12:52:45,2026-01-25 05:52:15,NOSTATUSCODE,https://web.archive.org/web/20260125055215/http://www.aristarchus.unige.net/CPhCl/en/Home,NOTPROVIDED,NOTPROVIDED,NOTPROVIDED,
catalogue,https://projects.dharc.unibo.it/knot/,True,False,False,False,False,,,False,,False,Italian DH Institutions,,,2024-12-13 04:18:48,2026-03-09 12:18:34,200,https://web.archive.org/web/20260309121834/https://projects.dharc.unibo.it/knot/,NOTPROVIDED,NOTPROVIDED,NOTPROVIDED,
"CASPAR: Cultural, Artistic and Scientific Knowledge for Preservation, Access and Retrieval","https://www.casparpreserves.eu/caspar-project.html#:~:text=CASPAR%20%2D%20Cultural%2C%20Artistic%20and%20Scientific,cultural%20and%20scientific%20resources%22).",True,False,False,False,False,,,False,,False,IRCDL,,alcune visualizzazioni non sono accessibili tipo % 100 toponimi più frequenti,2011-01-30 05:51:19,2025-08-08 01:58:42,200,https://web.archive.org/web/20250808015842/https://www.casparpreserves.eu/caspar-project.html,NOTPROVIDED,NOTPROVIDED,NOTPROVIDED,
Carteggio Ricci digital library,http://carteggiodiguerra.cnr.it/,True,False,False,False,False,,,,,,KNOT,http://purl.org/knot/data/carteggio-ricci-project,,2022-09-23 22:41:30,2025-12-15 21:09:59,200,https://web.archive.org/web/20251215210959/http://carteggiodiguerra.cnr.it/,NOTPROVIDED,NOTPROVIDED,NOTPROVIDED,
Carte d'autore online,https://www.cartedautore.it/,True,False,False,False,False,,,,,,KNOT,http://purl.org/knot/data/carte-autore-project,,2014-08-10 17:00:39,2026-05-02 20:28:41,200,https://web.archive.org/web/20260502202841/https://www.cartedautore.it/,NOTPROVIDED,NOTPROVIDED,NOTPROVIDED,
Carlo Goldoni,https://www.carlogoldoni.it/public/,True,False,False,False,False,,,,,,KNOT,http://purl.org/knot/data/goldoni-drammi-project,è un sito vetrina,2016-08-22 06:09:15,2026-03-08 20:42:39,200,https://web.archive.org/web/20260308204239/https://www.carlogoldoni.it/public/,NOTPROVIDED,NOTPROVIDED,NOTPROVIDED,
Bradypus,https://bdus.cloud/,True,False,False,False,True,,,,,,KNOT,http://purl.org/knot/data/bradypus-project,impossibile raggiungere il sito,2021-03-28 16:33:24,2024-12-08 06:44:57,200,https://web.archive.org/web/20241208064457/https://bdus.cloud/,NOTPROVIDED,NOTPROVIDED,NOTPROVIDED,
Biflow: catalogo bilingue,https://catalogobiflow.vedph.it/,True,False,False,False,False,,,False,,False,Italian DH Institutions,,,2021-06-29 08:01:26,2025-08-13 21:18:49,200,https://web.archive.org/web/20250813211849/https://catalogobiflow.vedph.it/,NOTPROVIDED,NOTPROVIDED,NOTPROVIDED,
Biblioteca Italiana,http://www.bibliotecaitaliana.it/,True,False,False,False,False,,,,,,KNOT,http://purl.org/knot/data/bib-ita-project,,2002-07-20 08:09:21,2026-03-22 18:58:54,200,https://web.archive.org/web/20260322185854/http://www.bibliotecaitaliana.it/,NOTPROVIDED,NOTPROVIDED,NOTPROVIDED,
Biblioteca Informatica dei Libri di Famiglia,https://bilf.ipertesti.it/,True,False,False,False,False,,,False,,False,Italian DH Institutions,,,2022-09-30 20:26:19,2025-08-12 16:34:42,200,https://web.archive.org/web/20250812163442/https://bilf.ipertesti.it/,NOTPROVIDED,NOTPROVIDED,NOTPROVIDED,
Bellini corrispondenza,http://bellinicorrespondence.cnr.it/,True,False,False,False,False,,,False,,False,AIUCD,,,2022-01-20 21:32:38,2026-03-16 02:20:20,200,https://web.archive.org/web/20260316022020/https://bellinicorrespondence.cnr.it/,NOTPROVIDED,NOTPROVIDED,NOTPROVIDED,
Belle Greene,https://bellegreene.itatti.harvard.edu/,True,False,False,False,True,,,False,,False,Italian DH Institutions,,è un tool ma espone anche due demo edizioni digitali. rientra,2023-08-20 23:24:18,2026-01-01 13:39:57,200,https://web.archive.org/web/20260101133957/https://bellegreene.itatti.harvard.edu/,NOTPROVIDED,NOTPROVIDED,NOTPROVIDED,
Atlante Storia MArittima della SArdegna,https://storia.dh.unica.it/asmsa/it,True,False,False,False,False,,,,,,KNOT,http://purl.org/knot/data/asmsa-project,,2024-02-21 05:58:46,2026-01-20 19:01:49,200,https://web.archive.org/web/20260120190149/https://storia.dh.unica.it/asmsa/it,NOTPROVIDED,NOTPROVIDED,NOTPROVIDED,
Atlante Lessicale Toscano,http://serverdbt.ilc.cnr.it/ALTWEB,True,False,False,False,False,,,,,,KNOT,http://purl.org/knot/data/alt-project,,2007-07-27 12:07:23,2025-09-30 07:08:28,200,https://web.archive.org/web/20250930070828/http://serverdbt.ilc.cnr.it/ALTWEB,NOTPROVIDED,NOTPROVIDED,NOTPROVIDED,
ASIt: Atlante Sintattico d’Italia,http://svrims2.dei.unipd.it:8080/asit-maldura/pages/search.jsp,True,False,False,False,True,,http://asit.maldura.unipd.it/,True,,False,AIUCD,,,2013-12-16 00:21:39,2026-01-22 13:29:16,200,https://web.archive.org/web/20260122132916/http://svrims2.dei.unipd.it:8080/asit-maldura/pages/search.jsp,2011-05-01 22:38:39,2025-09-10 19:39:19,200,https://web.archive.org/web/20250910193919/http://asit.maldura.unipd.it/
Artesia,http://artesia.ovi.cnr.it/,True,False,False,False,False,,,False,,False,Italian DH Institutions,,,2013-01-22 01:20:04,2025-09-10 18:22:36,200,https://web.archive.org/web/20250910182236/http://artesia.ovi.cnr.it/,NOTPROVIDED,NOTPROVIDED,NOTPROVIDED,
artchives - the inventory of art historians’ archives,http://artchives.fondazionezeri.unibo.it/,True,False,False,False,False,,,False,,False,Italian DH Institutions,,,2020-11-28 13:54:26,2024-05-20 09:33:29,NOSTATUSCODE,https://web.archive.org/web/20240520093329/http://artchives.fondazionezeri.unibo.it/,NOTPROVIDED,NOTPROVIDED,NOTPROVIDED,
arco,http://wit.istc.cnr.it/arco/index.php?lang=en,True,False,False,False,False,,,False,,False,Italian DH Institutions,,,2019-07-26 10:04:19,2026-02-11 06:35:13,200,https://web.archive.org/web/20260211063513/http://wit.istc.cnr.it/arco/index.php?lang=en,NOTPROVIDED,NOTPROVIDED,NOTPROVIDED,
Archivio Università Castrense,https://archivio.universitacastrense.eu/,True,False,False,False,True,,,False,,False,AIUCD,,,2019-08-28 10:33:59,2026-03-08 20:54:13,200,https://web.archive.org/web/20260308205413/https://archivio.universitacastrense.eu/,NOTPROVIDED,NOTPROVIDED,NOTPROVIDED,
Archivio Musicale dell'Orchestra Sinfonica Nazionale della Rai,http://www.osn.teche.rai.it/Default.aspx,True,False,False,False,False,,,,,,KNOT,http://purl.org/knot/data/rai-orchestra-project,,2016-09-05 16:31:30,2026-03-06 20:51:06,200,https://web.archive.org/web/20260306205106/http://www.osn.teche.rai.it/Default.aspx,NOTPROVIDED,NOTPROVIDED,NOTPROVIDED,
Archivio fonti orali,https://pric.unive.it/progetti/archivio-fonti-orali/home,True,False,False,False,False,,,False,,False,Italian DH Institutions,,,2021-02-28 04:06:39,2026-02-18 22:01:06,200,https://web.archive.org/web/20260218220106/https://pric.unive.it/progetti/archivio-fonti-orali/home,NOTPROVIDED,NOTPROVIDED,NOTPROVIDED,
Archivio Elettronico delle Opere di Carlo Emilio Gadda,http://dbtvm1.ilc.cnr.it/Gadda/,True,False,False,False,True,,,,,,KNOT,http://purl.org/knot/data/gadda-archive-project,lo abbiamo già ma è interessante vedere i link diversi,2024-05-22 08:54:38,2025-05-16 01:56:28,200,https://web.archive.org/web/20250516015628/http://dbtvm1.ilc.cnr.it/Gadda/,NOTPROVIDED,NOTPROVIDED,NOTPROVIDED,
Archivio digitale del Risorgimento in Sardegna,https://storia.dh.unica.it/archiviodigitalerisorgimento/,True,False,False,False,False,,,,,,KNOT,http://purl.org/knot/data/archivio-risorgimento-sardegna-project,,2020-09-24 14:44:16,2026-03-12 13:15:03,200,https://web.archive.org/web/20260312131503/https://storia.dh.unica.it/archiviodigitalerisorgimento/,NOTPROVIDED,NOTPROVIDED,NOTPROVIDED,
Archilet - archivio delle corrispondenze letterarie di età moderna,http://www.archilet.it/,True,False,False,False,False,,,,,,KNOT,http://purl.org/knot/data/archilet-project,,2012-10-11 01:01:05,2026-03-12 03:48:53,200,https://web.archive.org/web/20260312034853/https://www.archilet.it/,NOTPROVIDED,NOTPROVIDED,NOTPROVIDED,
ArchiDATA - Archivio di (retro)datazioni lessicali,https://www.archidata.info/,True,False,False,False,False,,,,,,KNOT,http://purl.org/knot/data/archidata-project,,2013-05-08 11:20:09,2025-12-05 08:58:06,200,https://web.archive.org/web/20251205085806/https://www.archidata.info/,NOTPROVIDED,NOTPROVIDED,NOTPROVIDED,
AMS Historica Unibo,https://historica.unibo.it/,True,False,False,False,False,,,,,,KNOT,http://purl.org/knot/data/ams-historica-project,,2023-02-06 03:22:12,2026-05-04 10:50:38,200,https://web.archive.org/web/20260504105038/https://historica.unibo.it/,NOTPROVIDED,NOTPROVIDED,NOTPROVIDED,
Alpion,https://alpion.unict.it,True,False,False,False,False,,,False,,False,Italian DH Institutions,,,2022-01-20 22:55:43,2024-06-17 13:29:19,200,https://web.archive.org/web/20240617132919/http://alpion.unict.it/,NOTPROVIDED,NOTPROVIDED,NOTPROVIDED,
Alpilink,https://alpilink.it/ascoltaeesplora/,True,False,False,False,False,,,False,,False,Italian DH Institutions,,,2023-09-12 06:07:50,2026-02-16 23:50:32,200,https://web.archive.org/web/20260216235032/https://alpilink.it/ascoltaeesplora/,NOTPROVIDED,NOTPROVIDED,NOTPROVIDED,
ALIM Archivio della Latinità Italiana del Medioevo,http://alim.unisi.it/,True,False,False,False,False,,,,,,KNOT,http://purl.org/knot/data/alim-project,,2019-01-01 20:52:37,2026-03-05 22:40:28,200,https://web.archive.org/web/20260305224028/https://alim.unisi.it/,NOTPROVIDED,NOTPROVIDED,NOTPROVIDED,
ALI Autografi dei Letterati Italiani,http://www.autografi.net/it/,True,False,False,False,False,,,,,,KNOT,http://purl.org/knot/data/ali-project,,2017-10-22 06:23:17,2025-12-13 22:07:24,200,https://web.archive.org/web/20251213220724/http://www.autografi.net/it/,NOTPROVIDED,NOTPROVIDED,NOTPROVIDED,
Alessandro Manzoni,https://www.alessandromanzoni.org,True,False,False,False,False,,,False,,False,Italian DH Institutions,,,2011-04-25 12:47:05,2026-03-17 13:12:37,200,https://web.archive.org/web/20260317131237/https://www.alessandromanzoni.org/,NOTPROVIDED,NOTPROVIDED,NOTPROVIDED,
Alcide Digitale,https://alcidedigitale.fbk.eu/platform/,True,False,False,False,True,,,False,,False,Italian DH Institutions,,,2021-10-24 19:10:43,2025-01-19 09:34:22,200,https://web.archive.org/web/20250119093422/http://alcidedigitale.fbk.eu/platform,NOTPROVIDED,NOTPROVIDED,NOTPROVIDED,
Alchimia di Jackson Pollock / Jackson Pollock: Alchemy in 3D,,True,False,False,False,False,,http://vcg.isti.cnr.it/alchemy/,True,,False,DH Awards,,,NOTPROVIDED,NOTPROVIDED,NOTPROVIDED,,2015-04-06 03:33:55,2025-11-01 08:22:55,200,https://web.archive.org/web/20251101082255/http://vcg.isti.cnr.it/alchemy/
AGLIO Atlante Grammaticale della Lingua Italiana delle Origini,http://aglio.ovi.cnr.it/index.php,True,False,False,False,False,,,,,,KNOT,http://purl.org/knot/data/aglio-project,,2020-08-13 11:52:35,2026-02-14 23:44:59,200,https://web.archive.org/web/20260214234459/http://aglio.ovi.cnr.it/index.php,NOTPROVIDED,NOTPROVIDED,NOTPROVIDED,
Abruzzen und Molise,https://db.biblhertz.it/abruzzo/index.xml,True,False,False,False,False,,,False,,False,Italian DH Institutions,,,2015-12-23 17:19:12,2025-11-04 09:04:24,200,https://web.archive.org/web/20251104090424/http://db.biblhertz.it/abruzzo/index.xml,NOTPROVIDED,NOTPROVIDED,NOTPROVIDED,
A Software Architecture for Narratives,https://dlnarratives.eu/narratives.html,True,False,False,False,False,,,False,,False,IRCDL,,,2020-03-04 02:32:14,2025-12-18 14:05:42,NOSTATUSCODE,https://web.archive.org/web/20251218140542/https://dlnarratives.eu/narratives.html,NOTPROVIDED,NOTPROVIDED,NOTPROVIDED,
A Multi-layer Digital Library for Mediaeval Legal Manuscripts (Mosaico project),http://mosaico.cirsfid.unibo.it/,True,False,False,False,True,,,False,,False,IRCDL,,,2013-05-08 14:14:18,2026-01-28 23:00:13,200,https://web.archive.org/web/20260128230013/http://mosaico.cirsfid.unibo.it/,NOTPROVIDED,NOTPROVIDED,NOTPROVIDED,
A Contribution for the Dissemination of Cultural Heritage Content to a Wider Public,http://ipsa.ipsa-project.org/,True,False,False,False,True,,http://ipsa.ipsa-project.org/,True,,False,IRCDL,,,2022-01-22 13:54:05,2022-01-22 13:54:05,200,https://web.archive.org/web/20220122135405/http://ipsa.ipsa-project.org/,2022-01-22 13:54:05,2022-01-22 13:54:05,200,https://web.archive.org/web/20220122135405/http://ipsa.ipsa-project.org/
3DHOP: 3D Heritage Online Presenter,http://vcg.isti.cnr.it/3dhop/,True,False,False,False,False,,,False,,False,DH Awards,,,2014-06-05 09:33:38,2025-12-24 09:29:03,200,https://web.archive.org/web/20251224092903/http://vcg.isti.cnr.it/3dhop/,NOTPROVIDED,NOTPROVIDED,NOTPROVIDED,
3d icons,http://3dicons.ceti.gr/,True,False,False,False,True,,,False,,False,Italian DH Institutions,,,2014-09-08 02:09:58,2025-11-07 14:26:21,200,https://web.archive.org/web/20251107142621/http://3dicons.ceti.gr/,NOTPROVIDED,NOTPROVIDED,NOTPROVIDED,
14-18 Documenti e immagini della Grande Guerra,http://www.14-18.it/progetto,True,False,False,False,False,,,False,,False,AIUCD,,,2018-12-20 19:56:09,2026-03-12 16:59:24,200,https://web.archive.org/web/20260312165924/http://www.14-18.it/progetto,NOTPROVIDED,NOTPROVIDED,NOTPROVIDED,
I LUOGHI DELLA CULTURA IN TOSCANA FINO AL 1325,https://atlas.mirabileweb.it/atlas,True,False,False,False,False,,,False,,False,AIUCD,,,2023-06-05 04:07:28,2023-06-05 04:07:57,200,https://web.archive.org/web/20230605040757/http://atlas.mirabileweb.it/atlas,NOTPROVIDED,NOTPROVIDED,NOTPROVIDED,
Archivio della Latinità Italiana del Medioevo,http://en.alim.unisi.it/dl/fonti_documentarie,True,False,False,False,True,,,False,,False,AIUCD,,,2017-10-21 04:10:58,2024-10-12 22:56:20,200,https://web.archive.org/web/20241012225620/https://en.alim.unisi.it/dl/fonti_documentarie,NOTPROVIDED,NOTPROVIDED,NOTPROVIDED,
D4Science: Infrastructure to Support the Definition and Operation of Virtual Research Environments,https://www.d4science.org/,True,False,False,False,False,,,False,,False,IRCDL,,,2008-02-08 12:48:11,2026-03-16 08:47:01,200,https://web.archive.org/web/20260316084701/https://www.d4science.org/,NOTPROVIDED,NOTPROVIDED,NOTPROVIDED,
Dante Online,http://www.danteonline.it/italiano/home_ita.asp,True,False,False,,,,,,,,Catalogue Digital Editions,,,2002-10-02 22:44:06,2025-12-14 02:55:16,200,https://web.archive.org/web/20251214025516/http://www.danteonline.it/italiano/home_ita.asp,NOTPROVIDED,NOTPROVIDED,NOTPROVIDED,
I testimoni della Vita Nova,http://vitanova.unipv.it/,True,False,False,,,,,,,,Catalogue Digital Editions,,,2005-04-12 11:55:39,2025-03-25 19:11:18,200,https://web.archive.org/web/20250325191118/http://vitanova.unipv.it/,NOTPROVIDED,NOTPROVIDED,NOTPROVIDED,
"Datini, Lettere",http://datini.archiviodistato.prato.it/la-ricerca/le-edizioni-delle-lettere#n,True,False,False,,,,,,,,Catalogue Digital Editions,,,2014-08-16 05:19:48,2026-05-04 07:24:08,200,https://web.archive.org/web/20260504072408/http://datini.archiviodistato.prato.it/la-ricerca/le-edizioni-delle-lettere,NOTPROVIDED,NOTPROVIDED,NOTPROVIDED,
Galileo Galilei's Notes on Motion,http://www.mpiwg-berlin.mpg.de/Galileo_Prototype/MAIN.HTM,True,False,False,,,,,,,,Catalogue Digital Editions,,,1998-07-03 07:09:39,2026-02-20 11:35:26,200,https://web.archive.org/web/20260220113526/https://www.mpiwg-berlin.mpg.de/Galileo_Prototype/MAIN.HTM,NOTPROVIDED,NOTPROVIDED,NOTPROVIDED,
Jacob Burckhardt,https://burckhardtsource.org/,True,False,False,,,,,,,,Catalogue Digital Editions,,,2013-05-06 10:00:06,2026-03-17 11:28:35,200,https://web.archive.org/web/20260317112835/https://burckhardtsource.org/,NOTPROVIDED,NOTPROVIDED,NOTPROVIDED,
L’Orlando Furioso e la sua traduzione in immagini,http://www.orlandofurioso.org/,False,True,False,,,,,,,,Catalogue Digital Editions,,,2013-05-11 02:34:32,2021-05-06 07:24:39,NOSTATUSCODE,https://web.archive.org/web/20210506072439/http://orlandofurioso.org/,NOTPROVIDED,NOTPROVIDED,NOTPROVIDED,
Bibliotheca Iuris Antiqui (BIA),http://www.ittig.cnr.it,True,False,False,,,,,,,,Catalogue Digital Editions,,,2002-08-03 13:37:54,2026-04-02 16:59:11,200,https://web.archive.org/web/20260402165911/https://www.ittig.cnr.it/,NOTPROVIDED,NOTPROVIDED,NOTPROVIDED,
"Vespasiano da Bisticci, Lettere",http://vespasianodabisticciletters.unibo.it,True,False,False,,,,,,,,Catalogue Digital Editions,,,2014-05-18 02:20:53,2026-04-10 23:56:04,200,https://web.archive.org/web/20260410235604/https://vespasianodabisticciletters.unibo.it/,NOTPROVIDED,NOTPROVIDED,NOTPROVIDED,
Italy ELT Archive,https://italy-elt-archive.unimi.it/ ,True,False,False,,,,,,,,IRCDL,,,2024-11-15 02:43:29,2026-02-11 18:20:08,200,https://web.archive.org/web/20260211182008/https://italy-elt-archive.unimi.it/,NOTPROVIDED,NOTPROVIDED,NOTPROVIDED,
Archivio digitale Venaria,https://www.centrorestaurovenaria.it/archivio-digitale-ccr/ ,True,False,False,,,,,,,,AIUCD,,,2024-10-26 02:59:27,2024-11-10 21:24:23,200,https://web.archive.org/web/20241110212423/https://www.centrorestaurovenaria.it/archivio-digitale-ccr/,NOTPROVIDED,NOTPROVIDED,NOTPROVIDED,
LORIS,https://www.jeziknaklik.it/loris/ ,True,False,False,,,,,,,,AIUCD,,,2024-05-04 12:23:49,2026-01-09 07:22:03,200,https://web.archive.org/web/20260109072203/https://www.jeziknaklik.it/loris/,NOTPROVIDED,NOTPROVIDED,NOTPROVIDED,
Magic,https://www.magic.unina.it/ ,True,False,False,,,,,,,,AIUCD,,,2024-07-31 07:58:46,2026-01-20 07:10:30,200,https://web.archive.org/web/20260120071030/https://www.magic.unina.it/,NOTPROVIDED,NOTPROVIDED,NOTPROVIDED,
Centro Documentazione Bassetti,https://centrodocumentazione.fondazionebassetti.org/ ,True,False,False,,,,,,,,AIUCD,,,2025-04-05 00:08:30,2026-03-09 18:56:12,200,https://web.archive.org/web/20260309185612/https://centrodocumentazione.fondazionebassetti.org/,NOTPROVIDED,NOTPROVIDED,NOTPROVIDED,
Carteggio Canneti Fiacchi,https://esdcarteggiocannetifiacchi.unibo.it/#/imgTxt?d=DLCL_CF_E10001&p=DLCL_CF_E10001_L_C1R ,True,False,False,,,,,,,,AIUCD,,,2025-03-07 09:49:07,2025-07-01 10:44:11,200,https://web.archive.org/web/20250701104411/https://esdcarteggiocannetifiacchi.unibo.it/,NOTPROVIDED,NOTPROVIDED,NOTPROVIDED,
Limina,https://limina.dantelimina.it/ ,True,False,False,,,,,,,,AIUCD,,,2025-06-12 23:47:05,2025-09-09 10:04:14,200,https://web.archive.org/web/20250909100414/http://limina.dantelimina.it/,NOTPROVIDED,NOTPROVIDED,NOTPROVIDED,
Dante Limina,https://dantelimina.it/matrix/public/ ,True,False,False,,,,,,,,AIUCD,,,2025-06-12 23:49:02,2026-03-14 19:38:50,200,https://web.archive.org/web/20260314193850/https://dantelimina.it/matrix/public/,NOTPROVIDED,NOTPROVIDED,NOTPROVIDED,
Dante,https://dante.dantelimina.it/home ,True,False,False,,,,,,,,AIUCD,,,2025-06-12 23:50:58,2025-06-13 01:01:30,200,https://web.archive.org/web/20250613010130/https://dante.dantelimina.it/home/,NOTPROVIDED,NOTPROVIDED,NOTPROVIDED,
Taccuini di Paolo Orsi,https://app.transkribus.org/sites/taccuini-paolo-orsi ,True,False,False,,,,,,,,AIUCD,,,2024-11-30 06:15:22,2025-06-13 02:05:14,200,https://web.archive.org/web/20250613020514/http://app.transkribus.org/sites/taccuini-paolo-orsi,NOTPROVIDED,NOTPROVIDED,NOTPROVIDED,
Glottolab,https://glottolab.z6.web.core.windows.net/ ,True,False,False,,,,,,,,AIUCD,,,2025-06-13 01:33:59,2025-06-13 02:18:25,200,https://web.archive.org/web/20250613021825/https://glottolab.z6.web.core.windows.net/,NOTPROVIDED,NOTPROVIDED,NOTPROVIDED,
Liita,https://www.liita.it ,True,False,False,,,,,,,,AIUCD,,,2024-04-23 16:10:22,2026-03-14 01:49:26,200,https://web.archive.org/web/20260314014926/https://www.liita.it/,NOTPROVIDED,NOTPROVIDED,NOTPROVIDED,
CHIt,https://chit.chitontove.it/risorse ,True,False,False,,,,,,,,AIUCD,,Le immagini della biblioteca digitale non vengono visualizzate,2025-06-13 00:08:54,2025-06-13 00:18:25,200,https://web.archive.org/web/20250613001825/http://chit.chitontove.it/risorse,NOTPROVIDED,NOTPROVIDED,NOTPROVIDED,
uniVOCittà,https://univocitta.github.io/UniVOCItta/ ,True,False,False,,,,,,,,AIUCD,,,2025-06-13 00:49:57,2025-06-13 02:03:04,200,https://web.archive.org/web/20250613020304/https://univocitta.github.io/UniVOCItta/,NOTPROVIDED,NOTPROVIDED,NOTPROVIDED,
