Titolo,URL progetto,Tipo di indisponibilità,Provenance,First_Seen,Last_Seen,CORRECT LAST SEEN,In_curated_set,Date_source,Last_Seen_used,Lifespan_days,Lifespan_years
VOCABO,,non trovato,Italian DH Institutions,2021-10-24 19:10:43,2024-09-18 18:53:02,,True,2026+curated,2024-09-18 18:53:02,1059.0,2.9
Varianti della rosa,,non trovato,AIUCD,,,,False,2026,,,
university research funding patent,,non trovato,Italian DH Institutions,,,,False,2026,,,
"TrebleCLEF: Evaluation, Best Practices and Collaboration for Multilingual Access",https://www.multimatch.org/,non funzionante,IRCDL,2006-06-23 00:53:49,2024-11-02 12:28:27,,False,2026,2024-11-02 12:28:27,6707.0,18.38
TRANSSCRIPT,,non trovato,AIUCD,,,,False,2026,,,
"Toward an Audio Digital Library 2.0: SMASH, a Social Music Archive of SHellac Phonographic Discs",https://avires.dimi.uniud.it/tmp/DL/Experimental_Results.html,non funzionante,IRCDL,2024-04-15 09:19:38,2024-04-15 09:19:38,,True,2026+curated,2024-04-15 09:19:38,0.0,0.0
The Sound of St Mark's,http://vmo.unive.it/choirbooks/,non funzionante,KNOT,2018-05-02 09:01:48,2024-07-23 23:58:09,2024-07-23 23:58:09,True,2026+curated,2024-07-23 23:58:09,2274.0,6.23
"The European Project OpenUP: OPENing UP new Methods, Indicators and Tools for Peer Review, Impact Measurement and Dissemination of Research Results",https://www.openuphub.eu/,non funzionante,IRCDL,2017-06-05 00:00:23,2024-12-03 20:49:24,2024-12-03 13:57:52,True,2026+curated,2024-12-03 13:57:52,2738.0,7.5
The digital lab of “crunched books”: explore and annotate the classics,http://cbook.it/en/,non funzionante,DH Awards,2015-02-22 12:00:23,2024-01-19 14:03:36,2023-06-06 02:48:39,True,2026+curated,2023-06-06 02:48:39,3025.0,8.29
"The Challenges of Building Ex Libris Rosetta, a Digital Preservation System",https://exlibrisgroup.com/products/rosetta-digital-asset-management-and-preservation/,non funzionante; non reindirizzato,IRCDL,2018-02-03 22:25:00,2026-03-05 12:02:12,2023-03-28 02:35:16,True,2026+curated,2023-03-28 02:35:16,1878.0,5.15
Tebtynis: fragmentary voices from the past,http://www.papirologia.unipr.it/ricerca/CPGM/index.html,non reindirizzato,Italian DH Institutions,,,,False,2026,,,
śivadharma database,,non trovato,Italian DH Institutions,,,,False,2026,,,
SACHER: Smart Architecture for Cultural Heritage in Emilia Romagna,http://www.sacherproject.com/,non funzionante,IRCDL,2018-04-26 17:11:48,2024-04-24 14:26:06,2023-06-09 00:49:10,True,2026+curated,2023-06-09 00:49:10,1869.0,5.12
ROADS,,non trovato,Italian DH Institutions,,,,False,2026,,,
Ramusio,http://virgo.unive.it/ecf-workflow/books/Ramusio/main/intro.html,non funzionante,KNOT,2015-08-29 08:43:51,2023-10-28 17:41:44,2023-10-28 17:41:44,True,2026+curated,2023-10-28 17:41:44,2982.0,8.17
Progetto TraMonti,http://www.tramontivaldivara.it/,non funzionante; non reindirizzato,DH Awards,2013-02-03 03:21:43,2019-01-24 01:51:51,,True,2026+curated,2019-01-24 01:51:51,2180.0,5.97
Petrarca itinera,https://petrarchsitinera.github.io/,non funzionante,AIUCD,2023-06-05 04:06:54,2023-06-05 04:06:54,,True,2026+curated,2023-06-05 04:06:54,0.0,0.0
PedeCerto - metrica latina digitale,https://www.pedecerto.eu/public/,non reindirizzato,KNOT,2019-12-15 10:50:38,2025-11-05 06:19:26,,True,2026+curated,2025-11-05 06:19:26,2151.0,5.89
Parthenos Project,,non trovato,Italian DH Institutions,,,,False,2026,,,
Open Philology Project,http://openphilology.org/,non funzionante,AIUCD,2013-07-04 09:44:11,2025-07-10 02:25:15,,False,2026,2025-07-10 02:25:15,4388.0,12.02
NumET,https://nuovomedioevo.it/numet-2/,non funzionante,DH Awards,2018-03-30 09:25:10,2021-10-22 16:05:12,,True,2026+curated,2021-10-22 16:05:12,1302.0,3.57
MultiMatch: A New Way to Access Cultural Heritage Information across Media and Language Boundaries,http://multimatch01.isti.cnr.it/,non funzionante,IRCDL,2010-02-11 15:43:24,2023-06-02 08:59:47,,True,2026+curated,2023-06-02 08:59:47,4858.0,13.31
MaximHum,,non trovato,AIUCD,,,,False,2026,,,
Marchio Angeli’s Inventory,http://vmo.unive.it/inventory1720/,non funzionante,KNOT,,,,False,2026,,,
Historical Digital Archive and Geo-referenced Contents of the Francigena Librari Web Portal,http://www.francigena.beniculturali.it/web/valit/il-progetto,non reindirizzato,IRCDL,2014-05-25 06:10:04,2014-11-22 17:18:13,,True,2026+curated,2014-11-22 17:18:13,181.0,0.5
GRASPOS,,non trovato,Italian DH Institutions,,,,False,2026,,,
Galassia Ariosto,http://galassiaariosto.sns.it/,non funzionante,DH Awards,2017-09-30 16:52:43,2024-03-07 20:24:54,2020-11-27 08:13:09,True,2026+curated,2020-11-27 08:13:09,1153.0,3.16
FrancoBuffoni,,non trovato,AIUCD,,,,False,2026,,,
Exploring Semantic Archival Collections: The Case of Piłsudski Institute of America,http://arkivo-ontology.org/,non reindirizzato,IRCDL,2018-02-03 09:33:07,2018-08-10 11:33:47,,True,2026+curated,2018-08-10 11:33:47,188.0,0.52
Epigraphs of Castello Ursino Museum,,non trovato,AIUCD,,,,False,2026,,,
Emodsar,http://corpora.unica.it/TEITOK/emodsar,non funzionante,AIUCD,2022-01-20 08:37:13,2023-05-26 03:54:20,,True,2026+curated,2023-05-26 03:54:20,490.0,1.34
Elisa Chimenti,,non trovato; non funzionante,AIUCD,,,,False,2026,,,
EdMuse,https://edmuse.eu/edmuse-platform/,non funzionante,Italian DH Institutions,2022-06-25 04:21:47,2024-06-16 02:06:21,2024-06-15 00:14:27,True,2026+curated,2024-06-15 00:14:27,720.0,1.97
EDF,http://edf.unive.it/,non funzionante,Italian DH Institutions,2021-06-29 08:01:26,2024-11-16 00:07:13,2024-06-17 09:14:48,True,2026+curated,2024-06-17 09:14:48,1084.0,2.97
Ecodigit,https://ecodigit.dtclazio.it/,non funzionante,AIUCD,2021-01-27 03:16:00,2022-12-04 04:55:56,,True,2026+curated,2022-12-04 04:55:56,676.0,1.85
CWALM,,non trovato,Italian DH Institutions,2019-05-09 14:20:35,2024-09-30 11:42:13,,True,2026+curated,2024-09-30 11:42:13,1970.0,5.4
CLEF Ad-hoc: A Perspective on the Evolution of the Cross-Language Evaluation Forum,http://ims.dei.unipd.it/gridclef/,non funzionante,IRCDL,2008-11-09 07:48:28,2022-01-20 10:05:37,,True,2026+curated,2022-01-20 10:05:37,4820.0,13.21
Clavius Correspondence,http://claviusontheweb.it/lod,non funzionante,AIUCD,2022-01-19 23:34:09,2022-01-19 23:34:09,,True,2026+curated,2022-01-19 23:34:09,0.0,0.0
BelliniInRete,,non trovato,AIUCD,,,,False,2026,,,
Atlas,https://dh-atlas.github.io/deliverables.html,non trovato,Italian DH Institutions,,,,False,2026,,,
Archivio ViVo,,non trovato,Italian DH Institutions,2023-11-02 07:28:30,2024-10-04 03:15:23,,True,2026+curated,2024-10-04 03:15:23,336.0,0.92
Archivio storico fotografico Adolfo Venturi,https://digilab.uniroma1.it/risorse/archivio-storico-fotografico,non funzionante,Italian DH Institutions,2016-01-20 23:09:21,2024-12-01 00:26:00,2024-06-16 02:06:21,True,2026+curated,2024-06-16 02:06:21,3069.0,8.41
Archilochus,,non trovato,Italian DH Institutions,2011-04-25 12:47:05,2024-12-15 10:24:09,,True,2026+curated,2024-12-15 10:24:09,4982.0,13.65
Annote: A Serious Game for Medical Students to Approach Lesion Skin Images of a Digital Library,https://imagelab.ing.unimore.it/annoteProject,non funzionante,IRCDL,,,,False,2026,,,
An IT Support for an Exhibition of Illuminated Manuscripts,https://ipsa.dei.unipd.it/,non trovato; non reindirizzato,IRCDL,2013-01-17 08:22:14,2021-03-02 15:44:47,,True,2026+curated,2021-03-02 15:44:47,2966.0,8.13
AMiGre,,non trovato,AIUCD,,,,False,2026,,,
A Research Tool for the ERC-Funded EMoBookTrade project,http://emobooktrade.uniud.it/,non reindirizzato,IRCDL,2018-04-30 07:23:23,2019-09-13 09:25:14,,True,2026+curated,2019-09-13 09:25:14,501.0,1.37
Venice Squeeze Project,https://www.e-stampages.eu/s/e-stampages/page/accueil,non reindirizzato,Italian DH Institutions,2019-02-20 07:22:29,2026-02-15 05:39:58,,True,2026+curated,2026-02-15 05:39:58,2551.0,6.99
L’Orlando Furioso e la sua traduzione in immagini,http://www.orlandofurioso.org/,non trovato,Catalogue Digital Editions,2013-05-11 02:34:32,2021-05-06 07:24:39,,False,2026,2021-05-06 07:24:39,2917.0,7.99
